id,Latitude,Longitude,Min. Depth,Temp. Gradient
0,58.0681,-134.6169,44,11
0,56.8342,-133.3022,91,37
0,54.9019,-132.1333,77,17
0,40.5014,-122.6014,7,13
0,36.0017,-117.8839,15,79
0,35.9681,-117.8683,15,69
0,35.9358,-117.8675,15,48
0,36.0339,-117.8347,30,525
0,36.0172,-117.8167,15,821
0,36.0011,-117.785,15,338
0,35.9678,-117.7681,20,76
0,34.7342,-117.7678,130,23
0,36.0342,-117.7508,15,156
0,34.55,-117.7167,122,24
0,35.8683,-117.585,15,33
0,33.0842,-116.485,38,19
0,42.7344,-116.3022,12,140
0,42.9344,-116.2858,10,88
0,43.2333,-116.285,160,84
0,42.8672,-116.2678,7,174
0,43.0519,-116.2353,25,63
0,42.885,-116.2347,40,87
0,42.8517,-116.2011,50,102
0,42.8167,-116.1525,30,139
0,42.9017,-116.0681,10,143
0,43.4672,-116.0675,20,43
0,42.8172,-116.0186,30,59
0,33.7686,-115.9192,73,23
0,33.6833,-115.4183,46,17
0,42.7856,-115.2514,30,104
0,33.9022,-115.0686,61,24
0,42.5689,-114.9856,10,58
0,42.9011,-114.9014,10,102
0,43.0175,-114.7189,45,61
0,34.0667,-114.6692,46,28
0,47.0503,-114.2839,18,33
0,34.3503,-114.1669,91,23
0,42.6833,-113.4672,10,29
0,42.9669,-113.4506,15,23
0,42.1669,-113.4186,76,61
0,42.7358,-113.4006,10,25
0,43.5175,-113.2,20,9
0,43.6178,-113.0525,87,15
0,42.6686,-113.0517,20,10
0,43.6692,-113,20,49
0,43.3342,-112.9356,30,34
0,43.5008,-112.9339,20,16
0,43.6517,-112.8667,30,24
0,43.7181,-112.7681,30,77
0,43.6681,-112.7511,20,22
0,43.8178,-112.7353,70,100
0,43.7525,-112.6842,10,75
0,43.4844,-112.6833,20,31
0,43.8022,-112.5342,20,90
0,43.7667,-112.5192,20,44
0,44.0025,-112.485,25,30
0,44.1833,-112.4358,20,46
0,46.7511,-112.3672,88,74
0,43.7508,-112.2167,5,6
0,43.6186,-112.1525,5,36
0,43.6008,-112.0508,5,28
0,44.35,-112.0025,10,21
0,44.2167,-111.8847,20,7
0,44.4675,-111.8522,30,32
0,44.1189,-111.7681,10,7
0,44,-111.7339,20,45
0,44.4522,-111.7192,15,65
0,44.0353,-111.6842,20,28
0,43.9022,-111.5356,15,92
0,43.9011,-111.5192,10,122
0,44.4336,-111.4842,10,14
0,44.3172,-111.4506,100,52
0,43.9836,-111.3344,20,85
0,43.9514,-111.3344,10,76
0,32.8167,-109.5167,300,75
0,40.2333,-108.9333,1189,34
0,38.2,-108.8167,90,27
0,37.7833,-108.7667,130,37
0,38.95,-108.6167,140,27
0,39.9667,-108.4667,76,40
0,39.95,-108.3833,100,37
0,40.05,-108.3333,46,43
0,39.7667,-108.15,46,39
0,37.7008,-108.0019,300,80
0,37.05,-107.8,1006,54
0,37.8,-107.6167,160,36
0,37,-107.5167,1098,43
0,38.9167,-107.1167,300,29
0,39.0175,-107.0847,210,23
0,38.8847,-107.0511,710,37
0,37.9167,-106.95,80,68
0,38.9842,-106.9353,220,39
0,39.0003,-106.5008,200,21
0,39.2847,-106.4683,260,36
0,38.9678,-106.4336,400,35
0,39.3669,-106.1833,442,40
0,38.7833,-106.1667,260,39
0,40.4008,-105.9344,240,26
0,39.7517,-105.835,930,35
0,39.5678,-105.8019,490,29
0,39.65,-105.7344,100,34
0,39.7519,-105.6853,160,68
0,39.9022,-105.6006,200,25
0,38.2667,-105.5167,60,26
0,38.1347,-105.4347,100,40
0,39.8342,-105.2842,50,18
0,39.6692,-105.2344,90,24
0,37.2667,-105.2333,250,64
0,37.5333,-104.9,100,31
0,38.9667,-104.8833,60,30
0,39.85,-104.85,368,36
0,38.1667,-104.7833,60,45
0,38.3,-104.7667,80,51
0,38.1833,-104.7333,80,51
0,37.7667,-103.6167,50,32
0,38.3833,-98.1667,99,36
0,38.3667,-98.1667,128,40
0,39.0019,-95.4686,120,32
0,37.3186,-95.2008,70,53
0,38.4683,-94.9006,115,52
0,32.8169,-92.7347,60,22
0,31.885,-92.6667,20,13
0,32.0192,-92.2686,60,26
0,32.8192,-92.135,60,22
0,32.7189,-91.8836,60,26
0,33.9347,-90.7672,20,49
0,32.1014,-90.6181,80,25
0,32.3519,-89.5,120,21
0,32.2169,-87.6181,40,22
0,30.5833,-87.1167,160,40
0,30.7022,-87.0008,120,28
0,30.4003,-86.8681,60,22
0,30.3858,-86.5856,100,31
0,30.6172,-84.6344,60,26
0,38.9167,-77.1,256,16
0,38.0689,-75.7181,213,48
0,38.3844,-75.6844,213,52
0,38.0336,-75.6672,226,38
0,38.3347,-75.6011,226,37
0,38.1681,-75.5678,212,52
0,38.1675,-75.3689,234,33
0,38.4333,-75.0514,289,36
0,58.0681,-134.6169,55,13
0,56.8342,-133.3022,181,33
0,54.9019,-132.1333,152,21
0,40.5014,-122.6014,145,12
0,36.0017,-117.8839,40,57
0,35.9681,-117.8683,40,46
0,35.9358,-117.8675,65,29
0,36.0339,-117.8347,45,339
0,36.0172,-117.8167,30,423
0,36.0011,-117.785,39,250
0,35.9678,-117.7681,50,57
0,34.7342,-117.7678,175,23
0,36.0342,-117.7508,40,110
0,34.55,-117.7167,244,24
0,35.8683,-117.585,45,34
0,33.0842,-116.485,56,34
0,42.7344,-116.3022,20,78
0,42.9344,-116.2858,45,51
0,43.2333,-116.285,30,60
0,42.8672,-116.2678,15,125
0,42.885,-116.2347,40,155
0,42.8517,-116.2011,50,225
0,42.8167,-116.1525,70,65
0,42.9017,-116.0681,30,58
0,43.4672,-116.0675,210,31
0,42.8172,-116.0186,30,198
0,33.7686,-115.9192,122,17
0,33.6833,-115.4183,85,19
0,42.7856,-115.2514,100,55
0,33.9022,-115.0686,128,27
0,42.5689,-114.9856,10,83
0,43.0175,-114.7189,105,94
0,34.0667,-114.6692,122,30
0,47.0503,-114.2839,227,21
0,34.3503,-114.1669,118,28
0,42.6833,-113.4672,35,1
0,42.9669,-113.4506,155,24
0,42.1669,-113.4186,140,43
0,42.7358,-113.4006,110,12
0,43.5175,-113.2,230,3
0,43.6178,-113.0525,1000,39
0,42.6686,-113.0517,60,53
0,43.6692,-113,120,1
0,43.3342,-112.9356,120,10
0,43.5008,-112.9339,165,8
0,43.6517,-112.8667,100,58
0,43.7181,-112.7681,90,5
0,43.6681,-112.7511,130,22
0,43.8178,-112.7353,105,11
0,43.7525,-112.6842,95,16
0,43.4844,-112.6833,300,5
0,43.8022,-112.5342,70,1
0,43.7667,-112.5192,85,13
0,44.0025,-112.485,120,28
0,44.1833,-112.4358,105,29
0,46.7511,-112.3672,164,166
0,43.6833,-112.3003,130,7
0,43.7508,-112.2167,100,17
0,43.6186,-112.1525,45,3
0,44.35,-112.0025,125,67
0,44.2167,-111.8847,60,14
0,44.4675,-111.8522,60,9
0,43.8669,-111.8508,80,45
0,44.1189,-111.7681,190,17
0,44,-111.7339,50,21
0,44.4522,-111.7192,95,38
0,44.0353,-111.6842,105,21
0,43.9022,-111.5356,170,213
0,43.9011,-111.5192,60,133
0,44.4336,-111.4842,100,25
0,44.3172,-111.4506,180,65
0,43.9836,-111.3344,90,53
0,43.9514,-111.3344,80,58
0,32.8167,-109.5167,950,19
0,40.2333,-108.9333,1220,15
0,38.2,-108.8167,150,21
0,37.7833,-108.7667,170,27
0,38.95,-108.6167,170,26
0,39.9667,-108.4667,404,54
0,39.95,-108.3833,280,56
0,40.05,-108.3333,671,66
0,39.7667,-108.15,201,55
0,37.7008,-108.0333,140,87
0,37.05,-107.8,1159,49
0,37.8,-107.6167,300,36
0,37,-107.5167,1250,44
0,38.9167,-107.1167,580,32
0,39.0178,-107.0844,300,26
0,38.8844,-107.0508,860,36
0,37.9167,-106.95,183,41
0,38.9842,-106.9353,300,37
0,38.9833,-106.5181,240,25
0,39.285,-106.4689,270,36
0,38.9833,-106.4511,300,41
0,39.3669,-106.1833,80,61
0,38.7833,-106.1667,60,30
0,40.3858,-105.9678,360,43
0,39.7519,-105.8339,701,33
0,39.5681,-105.8025,300,30
0,39.4833,-105.7344,120,30
0,39.7667,-105.6858,40,28
0,39.9019,-105.5858,210,30
0,38.2667,-105.5167,120,26
0,38.1347,-105.4347,100,34
0,39.8508,-105.2842,60,14
0,39.6681,-105.2344,50,23
0,37.2667,-105.2333,350,58
0,37.5333,-104.9,290,34
0,38.9667,-104.8833,115,36
0,39.85,-104.85,3017,24
0,38.1667,-104.7833,210,23
0,38.3,-104.7667,190,30
0,38.1833,-104.7333,130,25
0,37.7667,-103.6167,100,46
0,38.3833,-98.1667,252,13
0,38.3667,-98.1667,235,12
0,39.0019,-95.4686,520,17
0,37.3186,-95.2008,290,14
0,38.4683,-94.9006,220,20
0,32.8169,-92.7347,120,32
0,31.885,-92.6667,100,27
0,32.0192,-92.2686,120,44
0,32.8192,-92.135,100,34
0,32.7189,-91.8836,120,37
0,33.9347,-90.7672,100,23
0,32.1014,-90.6181,180,45
0,32.3519,-89.5,240,27
0,32.2169,-87.6181,140,37
0,30.5833,-87.1167,260,30
0,30.7022,-87.0008,300,27
0,30.4003,-86.8681,140,34
0,30.3858,-86.5856,340,23
0,30.6172,-84.6344,200,24
0,38.9167,-77.1,244,15
0,38.0689,-75.7181,296,48
0,38.3844,-75.6844,295,45
0,38.0336,-75.6672,293,46
0,38.3347,-75.6011,297,47
0,38.1681,-75.5678,300,52
0,38.1675,-75.3689,297,40
0,38.4333,-75.0514,363,26
0,36.0339,-117.8347,70,152
0,36.0172,-117.8167,40,146
0,34.7342,-117.7678,274,23
0,34.55,-117.7167,366,24
0,42.9344,-116.2858,70,74
0,42.8517,-116.2011,160,118
0,42.8167,-116.1525,290,70
0,42.8172,-116.0186,80,107
0,42.7856,-115.2514,160,110
0,43.7525,-112.6842,407,59
0,43.4844,-112.6833,455,41
0,43.7667,-112.5192,160,28
0,40.2333,-108.9333,1740,15
0,38.95,-108.6167,150,23
0,39.9667,-108.4667,663,55
0,40.05,-108.3333,617,56
0,37,-107.5167,1951,48
0,38.8847,-107.0506,840,37
0,37.9333,-106.95,430,35
0,38.9842,-106.9353,160,39
0,39.3675,-106.1833,90,51
0,38.7833,-106.1667,120,37
0,40.4011,-105.9514,250,37
0,39.7514,-105.8183,793,54
0,38.1347,-105.4347,100,29
0,39.835,-105.2836,50,28
0,39.6689,-105.2344,50,28
0,37.7667,-103.6167,50,39
0,33.9347,-90.7672,20,27
0,38.9167,-77.1,228,16
0,34.55,-117.7167,488,24
0,42.9344,-116.2858,10,74
0,38.8844,-107.0517,800,39
0,39.7511,-105.8344,854,35
0,38.1347,-105.4347,120,31
0,38.885,-107.0503,200,42
0,46.9836,-91.5347,204,31
0,47.5167,-88.2006,250,48
0,47.4856,-88.1842,244,55
0,47.5006,-88.185,229,38
0,47.5344,-88.2167,259,53
0,47.5683,-88.2514,274,56
0,47.7167,-88.0508,256,49
0,47.6189,-88.4669,229,38
0,47.5344,-88.4175,259,55
0,47.6342,-87.8847,265,53
0,47.7019,-87.9003,289,38
0,47.9181,-87.9,247,53
0,47.4181,-90.9333,256,28
0,47.2514,-91.0167,183,40
0,47.2008,-91.2181,311,25
0,47.2839,-90.8514,177,36
0,47.4,-90.7014,189,33
0,47.5175,-90.5025,174,43
0,47.5356,-90.3189,177,45
0,47.4,-89.8,174,40
0,47.2333,-89.7847,192,37
0,47.1008,-89.7014,210,45
0,47.15,-89.5,190,50
0,47.3514,-89.1683,192,50
0,47.8333,-87.4667,227,36
0,47.9167,-87.0667,219,35
0,48.0692,-86.2178,219,58
0,47.9667,-86.4022,201,45
0,47.9681,-86.4689,305,39
0,47.9347,-86.85,236,47
0,48.15,-88.0333,241,31
0,47.6167,-89.9833,183,34
0,47.75,-89.9833,192,31
0,47.5847,-90.1514,177,38
0,47.5333,-90.7333,180,36
0,47.55,-88.8014,206,55
0,47.55,-88.8014,206,55
0,47.6006,-88.65,213,56
0,47.5014,-88.5833,256,57
0,47.4667,-88.7833,219,55
0,47.4,-88.6014,177,48
0,47.7853,-89.8,195,26
0,47.6667,-89.7333,183,28
0,47.5347,-89.6847,192,38
0,47.5833,-89.4847,192,36
0,47.45,-89.4181,204,35
0,47.4014,-89.0333,192,54
0,47.3167,-89.3667,201,49
0,47.4167,-89.6181,201,44
0,47.2833,-89.5667,198,44
0,46.9856,-89.8,213,54
0,47.9514,-88.0667,347,57
0,47.85,-88.1167,238,54
0,47.5333,-89.25,204,47
0,47.5508,-89,201,56
0,47.8,-88.25,247,55
0,47.95,-88.5347,256,43
0,47.7847,-88.5167,229,47
0,47.8347,-88.7847,256,48
0,47.8833,-89.6181,229,27
0,47.65,-89.2847,177,36
0,47.75,-89.0167,210,50
0,47.7333,-88.7167,238,52
0,47.5333,-88.8167,244,49
0,47.6514,-88.9181,201,43
0,47.9675,-89.4014,250,25
0,48.6672,-87.8506,177,40
0,48.5356,-87.75,181,32
0,48.4178,-87.7833,208,36
0,48.2681,-87.7167,247,53
0,48.1833,-87.4183,268,51
0,47.9833,-87.1847,223,44
0,47.0167,-86.3833,238,56
0,47.0514,-86.5681,229,55
0,47.1514,-86.95,296,55
0,46.7514,-87.1333,192,59
0,48.0356,-86.8522,205,50
0,48.1683,-86.9853,250,55
0,48.2847,-86.935,198,53
0,48.4514,-86.9189,256,51
0,48.5842,-86.9178,259,39
0,48.685,-86.8014,241,47
0,47.7667,-86.45,219,54
0,47.4856,-86.2167,233,34
0,47.3681,-86.1017,229,55
0,47.0014,-86.2167,229,53
0,47.0181,-85.9344,247,52
0,47.0167,-85.7689,216,62
0,47.0178,-85.5167,219,51
0,47.0186,-85.2833,265,53
0,47.2667,-85.2522,247,63
0,47.4344,-85.2353,302,46
0,47.5667,-85.185,320,44
0,47.7186,-85.05,302,40
0,47.6517,-85.6008,238,44
0,47.4,-85.5333,302,62
0,47.8347,-86.0347,210,58
0,47.9858,-86.2519,238,53
0,48.35,-86.2669,210,44
0,47.5167,-86.5667,223,59
0,47.3022,-86.6847,247,59
0,47.3333,-87.1167,311,53
0,47.6017,-87.5167,192,47
0,47.5006,-87.1517,320,51
0,48.2681,-88.5669,210,39
0,48.2522,-88.8358,229,54
0,48.1678,-89.0183,293,48
0,48.0842,-89.2358,247,44
0,48.0167,-89.1517,216,41
0,47.1008,-91.1006,183,36
0,46.9172,-91.75,183,52
0,47.9681,-89.4008,247,31
0,48.0336,-89.3353,219,35
0,48.0508,-89.25,219,45
0,48.1681,-88.8508,265,43
0,48.2517,-88.6344,223,45
0,48.0517,-88.1181,247,47
0,48.2017,-88.1336,232,39
0,48.5853,-87.5025,201,45
0,48.1681,-87.2,210,53
0,48.6,-87.1,229,30
0,48.65,-86.8344,192,50
0,48.2681,-86.7181,265,38
0,48.1344,-86.45,256,32
0,48.0681,-86.3525,253,45
0,47.2853,-85.3836,210,57
0,47.3517,-85.0844,219,45
0,47.1844,-85.1008,219,58
0,47.1,-85.7517,265,57
0,47.2,-86.5525,366,66
0,47.7856,-86.1833,210,37
0,47.7175,-86.65,265,60
0,47.8175,-87,241,53
0,47.1169,-91.4008,238,45
0,46.9519,-91.6186,210,46
0,34.7333,-86.5,40,10
0,33.9519,-87.9167,20,11
0,33.9333,-85.8333,100,7
0,33.3,-87.2667,6,16
0,33.2667,-86.0167,420,14
0,33.2667,-86.25,60,11
0,32.8333,-87.8842,20,10
0,32.6192,-86.0183,20,7
0,32.1336,-85.6692,80,23
0,31.3683,-85.5689,40,10
0,31,-88.25,60,25
0,68.1167,-165.2667,15,20
0,68.1,-165.8333,150,20
0,57.0847,-134.8,137,49
0,55.6169,-132.5844,128,15
0,55.4011,-130.4686,701,30
0,55.1522,-131.7689,58,21
0,55.0667,-132.1356,108,17
0,54.7833,-132.05,121,20
0,51.4833,-180.9181,61,27
0,36.9667,-109.15,1280,25
0,36.95,-111.4833,60,13
0,36.8833,-109.2833,1372,27
0,36.6356,-110.1669,50,18
0,36.6003,-110.8022,60,14
0,36.6,-110.15,180,19
0,36.0844,-110.2011,60,23
0,36.0347,-110.5181,185,15
0,36.0333,-110.5167,170,24
0,35.7522,-111.3683,30,3
0,35.7167,-114.3667,220,39
0,35.6506,-112.1342,61,13
0,35.5672,-111.4686,61,5
0,35.5181,-112.1522,61,8
0,35.5,-110.4,90,22
0,35.3669,-111.5683,61,6
0,35.3669,-114.1336,300,24
0,35.3506,-114.1358,80,20
0,35.3344,-111.7192,61,31
0,35.2006,-111.4517,61,10
0,35.1333,-113.8167,160,26
0,35.1172,-111.5853,37,2
0,35.1167,-109.35,100,58
0,35.1,-109.4333,120,51
0,35.0019,-111.2842,122,7
0,34.9833,-109.15,1220,19
0,34.9192,-111.8178,290,12
0,34.885,-111.8342,300,14
0,34.8672,-111.4019,91,3
0,34.7503,-112.0692,340,18
0,34.6689,-114.3511,122,28
0,34.6347,-113.6833,210,28
0,34.6347,-113.6836,170,28
0,34.6347,-113.9683,244,39
0,34.5847,-113.1847,200,22
0,34.5667,-109.3167,15,21
0,34.5344,-110.9181,46,8
0,34.4514,-112.2,60,20
0,34.4342,-112.4858,250,28
0,34.4336,-112.5006,80,29
0,34.3503,-114.1669,91,26
0,34.3336,-109.2669,5,18
0,34.3,-109.3844,50,13
0,34.2833,-113.935,274,34
0,34.1525,-112.8003,40,34
0,34.1511,-113.1683,244,35
0,34.1189,-112.8514,122,32
0,34.0347,-112.3503,120,50
0,34.0347,-111.3347,120,50
0,34.0008,-113.2169,122,37
0,33.6333,-114.3333,130,32
0,33.5333,-112.3333,107,50
0,33.4181,-114.4672,91,34
0,33.4167,-110.9514,150,25
0,33.4167,-112.0167,107,29
0,33.3858,-110.8525,190,28
0,33.3167,-111.7167,100,44
0,33.2833,-112.6183,143,50
0,33.2356,-112.9686,80,27
0,33.1844,-112.65,46,30
0,33.1525,-110.8186,270,25
0,33.1333,-109.9167,260,32
0,33.1025,-111.5681,70,23
0,33.1019,-111.5856,80,22
0,33.1019,-111.5847,130,25
0,33.1011,-111.5858,40,22
0,33.085,-111.0178,50,26
0,33.0847,-111.0181,80,26
0,33.0836,-111.4003,100,31
0,33.0833,-109.3667,340,22
0,33.0525,-111.4172,170,33
0,33.0511,-111.3842,110,28
0,33.0333,-110.6833,168,18
0,32.9833,-109.7833,200,37
0,32.9833,-109.7,40,31
0,32.9525,-109.6019,290,34
0,32.9522,-109.6181,480,32
0,32.835,-108.9189,120,35
0,32.7833,-109.3833,100,45
0,32.7833,-111.4833,200,35
0,32.7683,-111.985,570,28
0,32.7519,-110.3686,280,64
0,32.7014,-114.6167,30,38
0,32.6667,-110.7,914,17
0,32.635,-108.4856,220,30
0,32.6169,-110.8014,180,22
0,32.6,-111.6,100,26
0,32.5336,-108.3672,410,23
0,32.4167,-111.5333,150,28
0,32.3856,-111.3858,370,37
0,32.335,-112.9022,280,26
0,32.3333,-108.8506,140,67
0,32.3192,-112.8692,550,30
0,32.3019,-112.8525,480,24
0,32.2192,-112.7192,110,47
0,32.1833,-111.1167,152,29
0,32.1336,-110.0683,230,24
0,32.1003,-110.0514,260,26
0,32.1,-112.75,200,34
0,32.035,-110.0669,210,21
0,31.9833,-111.0667,330,37
0,31.9667,-111.0667,91,26
0,31.9342,-110.6847,320,27
0,31.9011,-111.035,91,23
0,31.8833,-111,370,28
0,31.8833,-111.1333,100,30
0,31.8667,-110.8,220,24
0,31.8333,-110.75,480,24
0,31.8008,-111.3008,250,51
0,31.7525,-109.7344,130,27
0,31.7358,-109.785,160,28
0,31.735,-109.7853,170,27
0,31.3686,-110.6844,300,28
0,31.3358,-110.6856,240,33
0,36.2833,-92.9167,480,20
0,36.05,-92.8667,450,13
0,35.5514,-90.0339,320,22
0,34.7,-92.25,65,25
0,34.7,-90.7,30,23
0,34.3833,-93.8333,40,21
0,33.9333,-94.25,40,19
0,41.9858,-121.7,60,90
0,41.9683,-122.3025,44,40
0,41.9508,-122.3189,122,41
0,41.9503,-121.9853,15,118
0,41.8858,-122.5181,20,6
0,41.8858,-122.4833,20,13
0,41.8847,-122.3856,35,6
0,41.8517,-123.3525,122,16
0,41.8192,-121.2503,150,33
0,41.8178,-122.4336,57,23
0,41.8014,-122.0014,150,14
0,41.8014,-122.0017,30,13
0,41.7339,-121.8667,15,6
0,41.7333,-120.3686,56,6
0,41.7189,-121.6667,60,10
0,41.7006,-121.335,15,189
0,41.685,-121.8681,90,14
0,41.6686,-121.1167,84,29
0,41.6675,-122.4189,87,30
0,41.65,-121.0522,40,32
0,41.6358,-121.1681,20,41
0,41.6356,-121.1169,92,43
0,41.6347,-120.3858,15,69
0,41.6019,-121.2017,20,18
0,41.6014,-122.5192,3,54
0,41.5844,-121.9508,20,9
0,41.5689,-122.8686,102,16
0,41.5678,-122.885,50,6
0,41.5672,-121.35,15,45
0,41.5669,-122.8692,44,13
0,41.5508,-121.1178,38,92
0,41.5508,-122.5333,28,21
0,41.5506,-122.2511,64,23
0,41.4675,-121.4025,54,22
0,41.4672,-120.1689,30,92
0,41.4181,-122.4858,40,17
0,41.2678,-122.6011,42,16
0,41.2,-121.1339,15,18
0,41.1358,-121.0517,20,132
0,40.9856,-120.8839,40,90
0,40.7192,-120.3022,75,64
0,40.5172,-120.6689,160,19
0,40.4011,-121.4356,165,51
0,40.3847,-121.5339,158,64
0,40.3525,-120.9353,76,47
0,40.3508,-121.4858,30,91
0,40.3358,-121.55,91,31
0,40.3344,-121.45,46,32
0,40.2181,-120.8,46,22
0,40.2008,-120.2358,91,102
0,40.1667,-121.5008,122,18
0,39.8358,-120.4672,60,22
0,39.7,-122.8833,175,15
0,39.7,-122.8,220,16
0,39.5667,-123.1167,153,21
0,39.4511,-121.9847,122,24
0,39.4333,-123.7333,444,65
0,39.4,-120.8681,246,7
0,38.9833,-120.3167,100,18
0,38.9167,-121.6008,114,20
0,38.8683,-121.05,30,17
0,38.8667,-120.65,250,11
0,38.8344,-121.835,61,19
0,38.8333,-121.1667,250,9
0,38.8333,-120.25,180,11
0,38.55,-120.5667,170,10
0,37.8669,-118.8514,150,9
0,37.8667,-122.25,33,40
0,37.8517,-119.0681,25,31
0,37.8192,-118.8019,100,6
0,37.8,-121.5833,33,29
0,37.6833,-118.5333,183,33
0,37.6683,-118.6356,90,25
0,37.6678,-118.6667,50,78
0,37.65,-118.6022,125,24
0,37.6339,-118.6833,110,30
0,37.6192,-119.0683,150,51
0,37.4844,-119.3003,60,18
0,37.4833,-122.1333,114,57
0,37.45,-122.1667,68,48
0,37.45,-122.0333,160,58
0,37.4,-118,250,28
0,37.3353,-118.5506,100,14
0,37.3344,-118.5336,160,14
0,37.3167,-122.1167,92,28
0,37.1667,-120.0667,203,6
0,37.1333,-118.9833,60,17
0,37.1,-119.7333,280,8
0,37.1,-119.3833,201,12
0,36.8011,-117.7669,14,390
0,36.7858,-117.7692,49,37
0,36.7839,-117.7858,18,49
0,36.7672,-117.8011,13,30
0,36.7522,-119.6511,42,33
0,36.7511,-117.8025,27,30
0,36.7347,-117.8186,80,40
0,36.7339,-117.8181,50,42
0,36.7336,-120.2175,61,28
0,36.7175,-121.4011,278,26
0,36.7014,-117.7014,13,46
0,36.685,-120.5019,30,28
0,36.5856,-119.9842,85,35
0,36.4003,-120.1,30,29
0,36.1192,-117.8025,20,29
0,36.1008,-117.7517,20,29
0,36.1003,-117.8167,25,23
0,36.1,-117.8336,20,35
0,36.0672,-117.7519,15,163
0,36.0508,-117.8833,20,50
0,36.0506,-117.8006,30,296
0,36.0506,-117.8014,15,5
0,36.0506,-117.8506,15,69
0,36.0356,-117.7342,15,46
0,36.0025,-117.7833,15,366
0,36.0008,-117.85,20,88
0,36.0008,-117.8181,15,67
0,35.9833,-117.8025,15,48
0,35.9333,-117.7681,15,73
0,35.8011,-117.5517,45,52
0,35.6667,-121.8167,1010,108
0,35.5517,-117.5836,30,15
0,35.5189,-117.6506,34,37
0,35.4667,-117.6183,85,30
0,35.4667,-119.75,30,34
0,35.4522,-117.5511,46,27
0,35.4333,-120.5,76,29
0,35.3689,-117.3522,90,29
0,35.3667,-121.55,970,70
0,35.3183,-117.6181,21,29
0,35.3025,-117.3339,46,26
0,35.285,-119.535,685,31
0,35.2833,-119.3667,2091,29
0,35.2675,-119.4167,1391,28
0,35.2514,-117.5342,61,23
0,35.0344,-117.9167,61,26
0,35,-121.0333,590,71
0,34.9678,-117.4853,30,29
0,34.9342,-118.8167,76,20
0,34.9336,-118.8022,320,18
0,34.9336,-117.7519,61,24
0,34.9192,-118.8014,320,19
0,34.8844,-118.7675,170,24
0,34.8833,-118.7667,122,22
0,34.8675,-118.7503,210,26
0,34.8519,-118.7347,150,24
0,34.7336,-118.3853,120,27
0,34.7192,-117.6853,65,22
0,34.7192,-117.0678,49,22
0,34.7192,-117.6853,91,24
0,34.6839,-118.4336,180,24
0,34.6503,-117.8356,115,25
0,34.6503,-118.4839,150,28
0,34.65,-114.8672,46,24
0,34.65,-116.6833,152,20
0,34.6183,-115.8183,61,50
0,34.6178,-114.5856,30,25
0,34.6167,-116.7178,600,28
0,34.5672,-115.4844,46,31
0,34.5669,-117.1011,61,23
0,34.5506,-117.7025,46,20
0,34.5353,-115.1514,84,25
0,34.5003,-118.2692,122,22
0,34.4669,-117.8506,61,28
0,34.4183,-117.8522,71,34
0,34.4175,-115.5508,79,28
0,34.4019,-116.0669,76,24
0,34.3525,-115.2839,38,103
0,34.3344,-116.4856,46,22
0,34.3333,-120.85,790,130
0,34.3175,-117.4686,85,27
0,34.2844,-116.2,55,153
0,34.2689,-116.2358,30,38
0,34.2675,-117.3186,200,18
0,34.2508,-116.1353,110,80
0,34.2503,-117.3186,300,25
0,34.25,-117.3172,430,26
0,34.2358,-116.0333,30,26
0,34.2344,-115.7178,68,17
0,34.2333,-120.1333,560,69
0,34.2181,-116.4006,115,16
0,34.2175,-116.0508,61,27
0,34.2167,-121.4667,560,63
0,34.2017,-116.0339,61,13
0,34.2003,-116.0503,61,27
0,34.1014,-115.4683,37,49
0,34.1003,-115.3503,61,34
0,34.0844,-116.0019,61,14
0,34.0675,-115.7517,47,20
0,34.035,-115.2006,30,17
0,33.9842,-115.6842,152,14
0,33.9667,-117.6333,30,55
0,33.9178,-115.3006,46,34
0,33.8667,-119.7333,1570,88
0,33.8667,-115.4333,350,19
0,33.8169,-114.85,76,35
0,33.8022,-116.1675,100,18
0,33.8,-119.6,1870,67
0,33.8,-119.65,1710,68
0,33.7189,-114.5181,46,25
0,33.6503,-115.7169,61,40
0,33.6333,-118.5,836,117
0,33.6167,-119.4667,1850,93
0,33.6022,-116.2669,76,37
0,33.6022,-116.4514,76,21
0,33.6017,-116.4506,122,22
0,33.5856,-115.8689,30,35
0,33.5667,-118.4333,860,75
0,33.55,-119.4667,1840,91
0,33.5342,-116.6006,110,26
0,33.5333,-118.3,824,84
0,33.5183,-116.8011,110,22
0,33.5167,-119.4,1710,104
0,33.5,-118.4,870,80
0,33.5,-119.3,1500,96
0,33.4856,-114.8342,30,23
0,33.4847,-116.5856,160,25
0,33.4511,-115.4678,46,34
0,33.4508,-115.6847,91,50
0,33.4347,-115.1342,107,15
0,33.4181,-114.4672,91,34
0,33.4,-118.85,1250,87
0,33.3667,-118.7667,1250,104
0,33.3189,-115.3339,61,62
0,33.3,-118.65,1250,92
0,33.2833,-112.6183,143,51
0,33.2667,-120.0667,1100,98
0,33.25,-118.6167,1270,89
0,33.2333,-119.05,1180,79
0,33.2,-118.45,1180,96
0,33.1853,-114.9008,46,29
0,33.1847,-112.65,46,31
0,33.1833,-118.4833,1100,87
0,33.1689,-116.2003,30,67
0,33.1667,-118.3,1090,155
0,33.1333,-118.5333,1200,102
0,33.1167,-119.15,1700,102
0,33.1,-119.2,1630,85
0,33.1,-120.0167,1190,83
0,33.0839,-115.3011,60,90
0,33.0678,-115.4022,86,73
0,33.035,-115.0511,58,65
0,33.0333,-119.0667,1700,96
0,33.0333,-119.7833,1460,71
0,33.0025,-115.1,66,98
0,33.0014,-115.4017,80,88
0,32.95,-117.8333,1050,92
0,32.95,-118.9667,1670,94
0,32.935,-115.7858,61,63
0,32.9333,-115.4511,66,67
0,32.9333,-117.7,970,171
0,32.9183,-115.535,61,43
0,32.9181,-115.6856,67,47
0,32.9172,-114.8356,61,22
0,32.9025,-115.3519,44,86
0,32.9,-119.7333,1370,89
0,32.885,-115.6347,61,72
0,32.8844,-115.4008,68,89
0,32.8842,-115.1022,50,42
0,32.8508,-115.4675,61,49
0,32.8356,-115.5503,61,66
0,32.8347,-115.8667,30,38
0,32.8339,-115.6186,65,53
0,32.8167,-115.7672,66,52
0,32.8167,-119.9,1110,125
0,32.8,-118.9333,1450,91
0,32.7847,-115.7006,62,27
0,32.7667,-119.8833,1110,109
0,32.7525,-115.7858,67,42
0,32.7333,-117.6,1040,109
0,32.6858,-116.0011,30,33
0,32.6,-117.55,1145,120
0,32.6,-118.1833,1820,161
0,32.5667,-118.4833,1120,85
0,32.5,-118.1,1840,98
0,32.4833,-118.3333,840,162
0,32.4667,-118,1830,109
0,32.4333,-117.7667,1490,172
0,32.4333,-118.1167,1960,108
0,32.4,-117.5,1190,86
0,32.2833,-119.3,1740,141
0,32.25,-118.4,1500,98
0,32.2167,-118.6333,1630,112
0,32.2,-117.9667,1850,91
0,31.6167,-118.6667,2330,207
0,31.35,-117.8333,1970,117
0,31.1167,-118.55,2150,113
0,30.75,-118.1833,2470,101
0,40.9167,-107.4333,3588,22
0,40.7347,-105.5189,50,24
0,40.65,-104.8333,1616,51
0,40.6,-104.8333,1555,52
0,40.1186,-105.3842,280,32
0,40.0833,-108.6167,1341,28
0,40.05,-108.5167,411,60
0,39.8667,-105.55,100,28
0,39.8,-105.5833,30,28
0,39.7833,-105.2667,100,20
0,39.7667,-105.8333,100,29
0,39.7667,-105.8333,100,29
0,39.55,-106.4,1010,20
0,39.5167,-106.65,440,24
0,39.5167,-106.3667,40,41
0,39.5,-105.9167,300,31
0,39.4667,-105.7833,100,29
0,39.4333,-106.1333,480,33
0,39.3181,-106.1186,400,37
0,39,-107.0667,90,22
0,38.9853,-107.0514,100,27
0,38.9,-107.1019,300,40
0,38.7672,-106.4692,110,32
0,38.6833,-106.5,270,27
0,38.5,-105.3333,380,25
0,38.4667,-108.5667,3952,23
0,38.4333,-108.7667,150,22
0,38.2333,-104.9333,105,38
0,38.2333,-105,50,22
0,38.2333,-105.0833,70,26
0,38.2167,-105.0167,100,36
0,38.0667,-107.3833,30,66
0,38.05,-107.5,140,89
0,38.0167,-103.5333,50,40
0,37.9333,-107.6667,80,40
0,37.9333,-104.8167,30,19
0,37.7833,-106.3667,80,40
0,37.7833,-108.85,560,39
0,37.6006,-107.6022,200,31
0,37.5836,-107.5853,130,28
0,37.5689,-107.585,300,22
0,37.4333,-106.6,100,39
0,37.4167,-106.5,60,30
0,37.3833,-108.0667,410,30
0,37.2333,-109.0333,1311,28
0,37.2167,-104.7167,50,57
0,37.15,-107.9167,1000,56
0,37.1,-107.7,2811,41
0,39.1019,-75.4517,231,49
0,38.8003,-75.185,159,26
0,38.7686,-75.6189,289,51
0,38.7347,-75.4519,176,31
0,38.4858,-75.0856,187,19
0,30.9853,-86.9667,60,12
0,30.7833,-82.0167,20,16
0,30.7014,-84.8833,20,23
0,30.5008,-86.5839,40,27
0,29.7847,-84.3519,397,18
0,29.7,-82.8833,20,2
0,29.6681,-84.8333,120,21
0,29.6333,-81.6333,100,16
0,28.4667,-81.2172,1600,21
0,28.0667,-82.7833,100,15
0,27.3667,-82.2667,80,26
0,27.35,-82.55,100,17
0,26.3336,-80.8019,1418,17
0,25.7517,-80.8186,1856,17
0,34.5333,-84.8667,40,10
0,34.4167,-84.35,20,15
0,34.0833,-83.7667,20,10
0,33.5347,-83.1017,172,19
0,33.4858,-84.6858,89,14
0,33.4683,-83.0333,104,19
0,32.7167,-83.25,140,15
0,31.6,-81.6,20,33
0,31.4186,-84.9522,60,19
0,31.1339,-81.5347,478,19
0,31.1333,-81.5,20,12
0,48.1339,-116.8508,90,19
0,47.6836,-116.9358,24,18
0,47.5,-116.0833,1538,17
0,47.5,-116.0833,1538,17
0,47.5,-116.0333,1382,18
0,47.4508,-116.0667,180,21
0,47.45,-115.9667,957,19
0,47.3183,-117.0175,20,42
0,46.8683,-117.0006,15,22
0,46.8508,-116.9503,25,27
0,46.8011,-117.0019,20,23
0,46.7853,-116.5686,50,34
0,46.7511,-116.9672,10,49
0,46.5514,-116.6842,15,28
0,46.4678,-116.5511,30,58
0,46.4,-116.9178,170,46
0,46.3675,-116.9692,95,47
0,46.3667,-116.95,200,33
0,46.3358,-117.0022,110,38
0,46.3333,-115.9342,10,40
0,46.2342,-116.6172,15,23
0,46.2172,-115.9525,20,55
0,46.0192,-116.3847,15,26
0,45.9667,-116.2508,65,24
0,45.9008,-116.0522,10,37
0,45.1006,-116.6678,45,20
0,45.0853,-116.6836,90,18
0,44.9003,-115.3019,10,37
0,44.8692,-116.0525,10,35
0,44.8503,-116.1189,10,37
0,44.7339,-116.7833,100,21
0,44.6833,-116.0847,10,33
0,44.6669,-116.1017,10,215
0,44.5839,-115.5025,25,20
0,44.5333,-115.9678,20,12
0,44.5167,-114.3517,13,48
0,44.5003,-114.2339,40,29
0,44.4833,-113.2675,207,83
0,44.4686,-113.3003,10,18
0,44.4686,-113.3008,30,36
0,44.4683,-113.2842,210,22
0,44.4506,-114.3347,45,43
0,44.4339,-113.2508,30,11
0,44.4339,-114.7333,20,8
0,44.4014,-114.3522,50,28
0,44.4,-114.3175,70,44
0,44.3858,-114.3172,100,19
0,44.3858,-114.3167,150,62
0,44.3856,-114.3175,50,40
0,44.3506,-116.7514,15,49
0,44.335,-116.8,55,36
0,44.3181,-116.7836,40,54
0,44.3167,-117.035,97,67
0,44.3022,-117.0333,20,52
0,44.3017,-114.8003,20,4
0,44.3017,-117.0511,65,69
0,44.3019,-116.7842,20,45
0,44.3003,-117.0508,5,82
0,44.3003,-114.8178,10,7
0,44.2853,-114.8186,10,6
0,44.2847,-114.7853,10,14
0,44.2847,-114.7856,20,29
0,44.2839,-116.685,50,44
0,44.2692,-114.8186,10,30
0,44.2689,-116.6678,40,29
0,44.2689,-116.5517,15,84
0,44.2689,-116.6514,30,20
0,44.2519,-114.8189,20,169
0,44.25,-116.5344,20,45
0,44.2353,-116.5347,10,35
0,44.2344,-116.5672,45,66
0,44.2178,-116.5019,20,46
0,44.2175,-116.5353,20,30
0,44.2169,-116.9347,15,106
0,44.1839,-115.9503,10,41
0,44.1506,-116.0022,10,163
0,44.1186,-116.6356,195,67
0,44.085,-116.0181,10,36
0,44.0675,-116.9175,30,55
0,44.0669,-116.6189,230,87
0,44.0522,-116.9003,30,51
0,44.0517,-115.9189,10,51
0,44.0506,-115.9183,12,48
0,44.0342,-115.9175,10,28
0,44.0339,-116.7014,10,92
0,44.0336,-116.8181,25,85
0,44.0336,-115.7836,20,29
0,44.0333,-115.7833,200,41
0,44.0192,-115.7683,50,42
0,44.0189,-115.8683,40,59
0,44.0186,-115.9183,47,32
0,44.0172,-116.9169,35,38
0,44.0344,-116.2839,18,46
0,43.9683,-116.6183,140,45
0,43.9517,-116.7689,10,41
0,43.9514,-116.3186,15,145
0,43.9508,-115.6175,15,21
0,43.9344,-116.0175,15,37
0,43.9342,-116.0178,20,36
0,43.9178,-116.6011,10,58
0,43.9022,-111.4669,110,32
0,43.8692,-115.9022,20,38
0,43.8503,-116.3019,10,48
0,43.8344,-115.9178,60,26
0,43.8336,-116.2353,20,60
0,43.8169,-116.8333,15,54
0,43.8019,-116.8514,10,62
0,43.8006,-116.4342,15,75
0,43.7844,-115.8353,120,26
0,43.7358,-116.5333,45,55
0,43.7356,-116.3186,55,81
0,43.7356,-116.3011,65,74
0,43.7347,-116.3011,35,77
0,43.7014,-115.6844,190,25
0,43.6856,-116.2522,10,80
0,43.6683,-116.2506,10,80
0,43.6672,-116.2014,10,155
0,43.6514,-116.6681,20,72
0,43.6511,-115.2833,20,22
0,43.6511,-116.2342,15,90
0,43.6358,-116.2842,10,70
0,43.6169,-116.1833,35,204
0,43.6167,-116.1692,46,328
0,43.6006,-116.835,40,81
0,43.5858,-116.1517,10,123
0,43.5833,-116.1183,5,265
0,43.5678,-116.3675,10,30
0,43.5678,-116.1175,30,74
0,43.5511,-116.0856,25,69
0,43.5508,-116.1506,90,83
0,43.5356,-116.2856,12,10
0,43.5344,-115.435,17,23
0,43.5336,-116.7339,10,95
0,43.5186,-116.5019,10,76
0,43.4675,-116.2172,40,56
0,43.4514,-115.5856,145,46
0,43.4508,-116.6347,25,107
0,43.4183,-116.7525,5,111
0,43.4167,-116.1858,10,56
0,43.3839,-116.2333,12,33
0,43.3833,-115.7167,10,28
0,43.3511,-116.3839,20,93
0,43.3358,-115.9508,10,47
0,43.3339,-116.0511,20,34
0,43.3172,-116.6347,10,94
0,43.3167,-115.3517,95,46
0,43.3011,-115.7344,20,65
0,43.2853,-115.8189,10,82
0,43.2683,-116.5678,10,70
0,43.2672,-115.9503,25,44
0,43.2514,-115.9681,10,44
0,43.2511,-115.7003,20,84
0,43.2503,-115.5353,10,24
0,43.2353,-116.5681,45,56
0,43.235,-116.285,15,62
0,43.2342,-115.8358,30,59
0,43.2189,-116.6683,10,77
0,43.2169,-115.9008,35,62
0,43.2019,-116.5192,20,93
0,43.2019,-116.5175,50,71
0,43.2006,-116.5183,20,42
0,43.2,-115.9181,5,33
0,43.1678,-116.4847,30,97
0,43.1667,-116.3839,10,40
0,43.1522,-116.3847,15,80
0,43.1172,-115.7022,10,87
0,43.0853,-116.5339,5,5
0,43.0692,-115.7014,15,34
0,43.0683,-115.6517,5,88
0,43.0517,-115.8667,10,53
0,43.0508,-116.0669,20,63
0,43.0503,-115.3169,100,98
0,43.0344,-115.4514,500,70
0,43.0342,-116.2836,17,45
0,43.0336,-116.3003,10,74
0,43.0183,-116.7833,140,33
0,43.0167,-116.7853,20,45
0,43.0011,-116.0339,30,108
0,43,-116.3358,20,38
0,42.9669,-116.2,10,93
0,42.9353,-116.0839,40,67
0,42.9333,-115.9844,10,60
0,42.9189,-116.1669,5,42
0,42.9181,-116.1667,35,48
0,42.9175,-116.0844,50,47
0,42.9014,-116.0022,10,126
0,42.9014,-115.7839,15,57
0,42.9006,-116.0681,15,59
0,42.9003,-116.05,10,18
0,42.885,-116.0681,10,82
0,42.8689,-116.0511,30,125
0,42.8342,-116.0175,5,127
0,42.8178,-115.9844,7,116
0,42.8169,-115.8856,20,146
0,42.7342,-116.3192,13,154
0,42.7169,-115.5692,15,76
0,42.6853,-116.4,10,96
0,42.6672,-115.8525,115,101
0,42.6192,-114.9836,70,63
0,42.6181,-115.7678,10,118
0,42.6003,-114.9683,20,69
0,42.5858,-115.9508,97,74
0,42.5853,-114.9519,10,92
0,42.5853,-114.9514,50,62
0,42.5833,-114.9522,30,86
0,42.5683,-116.2336,20,21
0,42.5683,-116.2336,20,25
0,42.5672,-115.0181,35,61
0,42.5167,-115.1169,12,26
0,42.4689,-115.2172,20,73
0,42.4672,-115.1689,10,73
0,42.4169,-115.9522,10,15
0,42.4022,-115.5503,15,127
0,42.3692,-115.9844,10,37
0,42.3681,-115.8692,85,51
0,42.2672,-115.1353,10,44
0,42.25,-116.1506,10,103
0,42.2025,-116.0008,10,37
0,42.1358,-115.75,10,59
0,42.1358,-115.75,10,50
0,42.0686,-116.4672,10,51
0,41.9856,-116.6006,50,80
0,44.4522,-111.7192,27,77
0,44.4333,-111.4339,10,189
0,44.4183,-111.4358,15,121
0,44.4003,-111.9344,25,10
0,44.3833,-111.25,175,12
0,44.3667,-112.1347,25,38
0,44.3506,-111.2681,22,8
0,44.3358,-112.1506,60,41
0,44.3186,-112.2003,40,29
0,44.3183,-112.2019,10,51
0,44.3022,-111.7339,20,5
0,44.2847,-111.8175,20,9
0,44.2842,-111.5842,40,9
0,44.2189,-112.6514,12,17
0,44.1689,-112.5172,102,59
0,44.1344,-111.8517,50,6
0,44.1342,-111.5356,20,22
0,44.1342,-112.935,100,33
0,44.1192,-112.8353,15,27
0,44.1178,-111.3353,20,12
0,44.1003,-111.6014,30,10
0,44.0856,-111.2506,10,12
0,44.0839,-111.5192,20,40
0,44.0692,-112.1183,15,16
0,44.0686,-111.4353,15,62
0,44.0678,-111.4503,25,78
0,44.0347,-112.8,70,36
0,44.0175,-111.8186,7,61
0,44.0167,-111.8692,12,42
0,44.0025,-112.485,20,31
0,44.0025,-111.2503,120,36
0,44.0017,-112.3167,30,3
0,43.9678,-113.0189,17,33
0,43.9506,-111.3667,10,44
0,43.95,-111.3336,50,14
0,43.9344,-112.2686,15,28
0,43.9342,-111.5181,35,118
0,43.9342,-111.4833,10,32
0,43.9342,-111.5186,20,99
0,43.9336,-112.3353,35,4
0,43.9181,-111.3686,45,19
0,43.9181,-111.535,10,87
0,43.9169,-111.9347,70,1
0,43.9022,-111.4667,110,32
0,43.9022,-111.535,95,57
0,43.9011,-111.5339,20,114
0,43.8858,-111.4839,85,74
0,43.8856,-111.4339,10,107
0,43.885,-111.5336,20,177
0,43.8844,-111.5025,10,107
0,43.8844,-111.4025,50,12
0,43.8839,-111.8511,30,16
0,43.8672,-112.6514,65,15
0,43.8672,-111.7508,425,44
0,43.8511,-111.5847,30,110
0,43.8344,-111.4339,20,17
0,43.8189,-111.5189,10,36
0,43.8183,-112.185,20,7
0,43.8175,-111.5667,40,6
0,43.8175,-111.9181,50,20
0,43.8169,-111.8836,20,31
0,43.8169,-111.5519,10,8
0,43.8169,-112.6667,65,2
0,43.8167,-112.6667,20,41
0,43.8,-111.2172,10,79
0,43.7856,-111.4678,50,9
0,43.7856,-112.185,120,8
0,43.7847,-112.885,15,33
0,43.7692,-112.4675,20,19
0,43.7678,-112.5675,20,76
0,43.7672,-111.7672,50,47
0,43.7511,-112.6011,20,410
0,43.7511,-112.7183,85,1
0,43.7508,-111.6522,10,34
0,43.7353,-112.5342,80,22
0,43.7347,-112.9525,20,97
0,43.7336,-112.4689,20,22
0,43.6856,-111.9347,60,1
0,43.6844,-112.9169,20,24
0,43.6842,-111.7339,10,94
0,43.6681,-111.6856,10,96
0,43.6678,-112.9525,120,1
0,43.6667,-113.3667,120,5
0,43.6014,-113.235,119,999
0,43.5858,-111.7172,10,81
0,43.585,-112.8169,20,23
0,43.5842,-111.7183,30,49
0,43.5839,-111.8014,10,63
0,43.5836,-112.6356,20,19
0,43.5836,-111.735,10,45
0,43.5675,-113.0508,20,54
0,43.5667,-114.2681,7,28
0,43.5508,-112.9353,20,7
0,43.5508,-112.7175,40,23
0,43.5503,-112.5,20,17
0,43.5356,-112.9167,20,9
0,43.5353,-112.9503,20,9
0,43.5339,-112.0672,25,4
0,43.5172,-112.8853,170,1
0,43.485,-111.7667,20,41
0,43.4847,-113.1333,20,7
0,43.4836,-111.7514,20,72
0,43.45,-112.9503,30,25
0,43.45,-112.7681,20,29
0,43.4342,-112.9192,10,20
0,43.4178,-112.0858,35,7
0,43.3856,-113.0519,7,9
0,43.3358,-114.3189,7,51
0,43.3356,-114.9503,10,75
0,43.3353,-114.9506,10,72
0,43.3342,-114.9686,15,89
0,43.3192,-114.3178,20,37
0,43.3181,-114.9017,15,66
0,43.3181,-114.6844,10,89
0,43.3022,-114.8175,10,181
0,43.2853,-114.3347,10,64
0,43.2833,-112.0669,10,112
0,43.2686,-114.4003,5,136
0,43.2686,-114.0181,20,54
0,43.235,-112,117,38
0,43.1858,-114.7342,10,51
0,43.1839,-114.0336,10,2
0,43.135,-113.2347,250,15
0,43.1014,-113.65,10,5
0,43.0508,-114.3833,20,31
0,43.0333,-114.4011,20,30
0,42.9847,-114.7017,37,16
0,42.9839,-113.735,15,17
0,42.9519,-113.1517,20,9
0,42.9519,-114.4,10,35
0,42.9508,-115.0008,15,50
0,42.9356,-114.6519,7,44
0,42.9169,-114.3675,20,4
0,42.9003,-114.2356,75,9
0,42.8692,-114.7503,67,3
0,42.8689,-115.0683,15,113
0,42.835,-113.6014,10,48
0,42.8011,-114.2667,5,3
0,42.8011,-113.3847,20,9
0,42.7839,-112.9517,10,18
0,42.7511,-114.2503,10,18
0,42.7506,-114.8189,10,26
0,42.7506,-112.8356,10,140
0,42.7339,-112.8667,20,60
0,42.7178,-115.0172,95,55
0,42.7008,-112.9019,40,42
0,42.6689,-114.8,22,19
0,42.6525,-114.2842,65,62
0,42.6519,-113.4508,10,93
0,42.6347,-113.2186,10,58
0,42.6347,-114.9833,20,56
0,42.6339,-114.7858,20,45
0,42.6339,-114.5011,45,1
0,42.6192,-114.4517,27,53
0,42.6189,-114.5,35,39
0,42.6178,-114.9525,30,63
0,42.6175,-113.5,15,49
0,42.6025,-114.1839,10,68
0,42.5858,-114.9353,50,71
0,42.5858,-114.9344,35,60
0,42.5853,-114.9514,90,72
0,42.5342,-112.8836,10,81
0,42.5192,-112.8856,25,121
0,42.5167,-113.3519,20,79
0,42.4683,-113.9844,75,48
0,42.4336,-114.2175,10,48
0,42.4192,-114.4,10,54
0,42.4175,-113.3856,10,155
0,42.4175,-114.1011,10,88
0,42.4167,-113.9017,10,43
0,42.4017,-114.185,30,66
0,42.4017,-114.0511,20,27
0,42.4014,-113.95,60,65
0,42.4011,-114.1006,40,77
0,42.3839,-113.5839,10,60
0,42.3514,-114.6692,25,44
0,42.3506,-114.6503,30,39
0,42.35,-114.0667,15,40
0,42.3344,-114.035,40,68
0,42.3339,-114.0356,20,60
0,42.3167,-114.0178,10,60
0,42.3022,-114.6508,10,68
0,42.3017,-114.5525,5,94
0,42.2692,-114.0017,30,66
0,42.2339,-113.3669,200,54
0,42.2019,-114.7842,15,40
0,42.1842,-114.6522,10,192
0,42.1833,-114.6675,10,178
0,42.1692,-114.7003,20,223
0,42.1333,-113.3522,50,120
0,42.1019,-114.6019,25,53
0,42.0856,-113.385,20,200
0,42.0847,-113.3519,20,210
0,42.0692,-113.6017,50,52
0,42.0019,-113.2008,75,56
0,42.4336,-89.8506,600,23
0,41.0172,-88.8853,100,12
0,40.8017,-87.885,100,11
0,40.7519,-87.8011,100,14
0,40.7508,-87.7842,100,16
0,41.3833,-86.2333,100,14
0,40.9681,-84.8669,100,8
0,40.9169,-86.4503,100,15
0,40.9014,-86.4522,100,17
0,40.8844,-86.4675,100,14
0,40.8844,-86.4667,150,19
0,43.1667,-95.1833,400,8
0,42.6333,-94.0181,100,10
0,42.6333,-94.0172,100,10
0,42.6189,-94.0356,100,11
0,42.6183,-94.0506,100,10
0,41.6847,-94.1678,100,22
0,41.6517,-94.1519,100,14
0,41.5519,-94.1006,100,13
0,41.3839,-91.9025,100,18
0,41.3517,-91.9014,100,17
0,41.2008,-91.3183,100,18
0,39.5183,-94.8181,225,22
0,39.0511,-95.4667,140,26
0,33,-92.7358,120,24
0,32.8172,-92.4008,60,33
0,32.6519,-92.9517,80,27
0,32.5167,-92.2692,60,31
0,32.3858,-92.5672,40,24
0,32.2847,-92.6183,40,23
0,32.2839,-92.0672,40,26
0,32.085,-92.4839,60,30
0,31.385,-92.1519,40,24
0,31.2519,-93.0011,60,26
0,30.8167,-89.9011,60,17
0,30.5356,-91.1856,80,21
0,30.4339,-91.1347,120,23
0,30.4169,-91.1344,100,22
0,44.4,-68.6167,150,15
0,44.05,-70.6167,150,22
0,43.65,-70.8667,45,24
0,43.2833,-70.6667,50,18
0,39.3172,-76.7672,254,15
0,38.4003,-76.1836,168,55
0,38.3858,-75.5678,224,31
0,38.3192,-75.5017,233,31
0,38.3017,-75.1167,162,38
0,38.0025,-75.8181,163,61
0,42.6333,-71.4167,130,18
0,42.6167,-72.45,210,25
0,42.3833,-71.1167,160,13
0,41.8833,-71.1333,115,13
0,41.75,-70.0833,200,15
0,41.7,-71.1667,100,14
0,41.65,-71.2667,120,9
0,47.4,-88.0167,91,190
0,46.75,-89.5667,91,15
0,46.7333,-89.5667,396,17
0,44.0503,-85.0844,100,11
0,43.4167,-84.6167,100,22
0,42.7178,-85.8169,100,11
0,42.4181,-83.5522,100,12
0,47.8167,-91.7167,90,18
0,47.8167,-91.7167,520,18
0,34.7836,-88.4172,100,20
0,34.7686,-88.5667,100,11
0,34.6178,-89.9672,100,19
0,34.5022,-88.9669,100,28
0,34.2014,-90.5347,100,24
0,33.785,-90.8508,40,16
0,33.6853,-89.7025,100,13
0,33.6172,-88.6353,100,12
0,33.4183,-88.3856,100,12
0,33.4183,-88.3856,20,16
0,33.4014,-90.8192,100,28
0,33.4,-91.0833,100,25
0,33.1692,-88.4678,100,14
0,33.1,-91.0342,100,17
0,33.0692,-89.8503,20,8
0,32.85,-90.4017,100,26
0,32.8008,-90.9181,120,17
0,32.3342,-88.6014,100,15
0,32.2853,-90.1853,100,39
0,32.2853,-90.1833,100,38
0,32.285,-90.1833,100,35
0,32.2672,-90.0669,100,19
0,32.035,-88.2669,100,32
0,31.4522,-91.3342,120,27
0,31.0181,-89.1514,60,20
0,39.0833,-94.1667,701,16
0,38.15,-91.25,518,14
0,37.65,-91.1667,244,16
0,37.5,-90.6667,200,16
0,36.185,-89.6514,125,31
0,48.2189,-115.9019,280,19
0,47.9333,-108.5667,150,18
0,47.0344,-112.3683,100,23
0,47.0183,-112.3686,170,19
0,46.9667,-110.7022,200,30
0,46.9525,-110.7008,70,25
0,46.9522,-110.735,170,27
0,46.9344,-110.4853,100,28
0,46.7522,-112.3669,35,59
0,46.7511,-112.4172,40,29
0,46.7511,-112.3672,160,240
0,46.7506,-112.3503,35,56
0,46.7506,-112.3683,15,173
0,46.75,-112.3839,20,133
0,46.7356,-112.3675,10,180
0,46.7342,-112.3519,10,164
0,46.7339,-112.3678,20,175
0,46.7336,-112.3175,70,42
0,46.7336,-112.3178,31,43
0,46.7192,-112.3167,18,61
0,46.7189,-112.3167,29,59
0,42.286,-118.63,42,144
0,42.318,-118.6,24,304
0,46.302,-119.75,20,62
0,41.067,-111.12,1500,23
0,41.067,-111.07,1000,23
0,48.718,-97.801,55,45
0,46.884,-120.38,59,27
0,44.769,-121.97,5,999
0,43.684,-120.47,10,75
0,43.618,-120.45,10,96
0,43.751,-120.93,20,30
0,43.802,-120.98,20,52
0,41.15,-104.95,1899,30
0,41.05,-119.02,15,356
0,44.6,-122.05,28,63
0,40.352,-117.32,45,280
0,30.183,-96.084,1500,47
0,46.417,-120.12,50,49
0,35.667,-108.13,180,27
0,46.55,-120.67,10,34
0,36.217,-105.8,70,42
0,46.035,-119.63,29,32
0,45.917,-120.18,74,49
0,47.751,-118.7,25,31
0,46.268,-114.07,85,76
0,40.302,-74.05,230,20
0,45.985,-120.37,29,37
0,42.317,-117.9,37,93
0,45.818,-120.82,80,45
0,35.117,-107.77,80,30
0,45.602,-122.12,30,54
0,35.883,-106.67,70,128
0,35.933,-106.67,40,187
0,35.967,-106.63,60,143
0,35.883,-106.72,20,111
0,43.2,-118.97,10,162
0,43.201,-118.99,10,223
0,38,-79.833,120,94
0,45.602,-122.18,45,36
0,35.234,-77.585,81,25
0,35.583,-105.25,80,17
0,45.869,-120.68,39,53
0,33.25,-96.65,55,20
0,33.567,-107.6,70,23
0,33.567,-107.6,110,79
0,47.152,-119.3,19,37
0,34.033,-107.22,90,24
0,45.384,-121.8,100,64
0,44.769,-121.95,30,97
0,45.317,-118.1,20,34
0,34.283,-108.78,20,51
0,42.034,-120.3,25,405
0,35.217,-107.02,60,37
0,35.2,-107.02,60,30
0,35.2,-107.08,60,35
0,29.8,-104.4,180,24
0,35.533,-106.98,229,10
0,36.617,-108.62,170,22
0,45.751,-121.54,99,17
0,43.984,-117.22,65,140
0,45.451,-121.64,101,21
0,45.417,-121.77,50,84
0,45.319,-121.65,275,51
0,45.318,-121.7,330,71
0,45.301,-121.67,100,45
0,42.319,-118.54,6,223
0,37.935,-75.451,180,45
0,45.117,-120.84,10,37
0,47.235,-120,49,26
0,46.869,-118.92,10,59
0,43.936,-117.1,15,96
0,42.534,-118.48,54,73
0,34.653,-83.168,189,20
0,34.769,-83.268,220,23
0,36.55,-108.03,762,24
0,38.233,-79.817,320,13
0,36.318,-76.051,172,44
0,43,-118.74,10,84
0,43.484,-120.09,10,32
0,42.552,-119.03,55,74
0,42.685,-119.05,68,48
0,37.285,-75.919,211,44
0,45.302,-112.87,220,13
0,48.051,-118.7,90,15
0,45.368,-109.9,111,16
0,46.35,-119.27,174,25
0,38.818,-109.7,198,13
0,37.351,-75.985,118,24
0,35.517,-75.984,207,49
0,38.152,-109.6,183,23
0,37.733,-117.18,330,26
0,37.034,-76.302,278,30
0,34.65,-77.317,363,37
0,44.35,-103.75,1455,23
0,34.567,-78.933,249,21
0,43.084,-118.82,56,89
0,43.084,-118.84,57,65
0,39.983,-109.6,61,25
0,37.335,-80.767,113,18
0,36.983,-94.867,540,21
0,36.85,-76.469,295,34
0,46.519,-122.83,45,27
0,46.535,-122.84,50,29
0,35.784,-78.417,192,18
0,35.718,-78.319,42,13
0,36.384,-78.967,149,10
0,32.8,-108.07,225,22
0,37.717,-117.78,107,34
0,33.936,-77.983,200,28
0,46.534,-122.82,110,27
0,46.519,-122.8,100,32
0,46.518,-122.83,90,32
0,45.036,-122.62,35,28
0,37.2,-82.1,190,24
0,42.319,-120.52,30,76
0,38.933,-119.07,107,22
0,36.233,-107.73,1837,29
0,43.786,-122.42,10,25
0,32.967,-107.53,120,29
0,36.9,-108.02,80,29
0,36.833,-107.92,50,28
0,45.669,-119.83,20,21
0,45.669,-120.12,25,25
0,45.701,-120.13,25,28
0,36.417,-108.03,366,37
0,46.352,-119.27,530,42
0,35.867,-106.15,30,34
0,43.483,-119.54,10,73
0,43.569,-119.4,10,27
0,43.468,-119.54,5,213
0,43.568,-120,10,133
0,43.752,-120.37,10,84
0,43.783,-120.6,15,113
0,43.617,-120.47,10,73
0,35.217,-107.32,90,30
0,36.75,-107.72,260,26
0,42.434,-117.77,10,102
0,37.367,-109.42,1098,27
0,33.883,-106.35,80,27
0,36.4,-107.42,823,27
0,33.733,-106.03,80,26
0,34.8,-107.13,50,24
0,36.817,-107.23,1152,42
0,36.533,-106.48,20,31
0,36.033,-107.9,40,36
0,35.85,-107.4,380,32
0,33.317,-107.7,45,34
0,33.317,-107.7,26,45
0,36.917,-104.87,120,64
0,35.267,-103.85,150,26
0,34.1,-106.8,70,33
0,36.217,-104.68,80,44
0,36.85,-107.7,1107,41
0,35.7,-107.93,50,31
0,43.8,-122.4,45,25
0,40.533,-112.15,576,18
0,34.002,-107.8,76,59
0,43.751,-118.37,55,68
0,47.702,-121.13,20,48
0,47.568,-118.93,19,52
0,47.569,-118.27,66,58
0,45.834,-122.52,122,38
0,36.533,-106.85,190,58
0,41.867,-78,1219,35
0,44.384,-121.99,50,102
0,36.733,-108.28,550,27
0,41.1,-74.584,610,12
0,46.451,-120.22,215,31
0,36.367,-106.9,100,23
0,36.367,-106.9,793,36
0,36.6,-107.35,210,32
0,36.85,-108.53,564,59
0,43.217,-118.93,25,119
0,36.901,-76.7,297,26
0,34.85,-106.77,2463,43
0,34.917,-106.75,1524,35
0,36.269,-76.201,134,28
0,34.283,-107.25,60,20
0,36.15,-104.7,20,36
0,34.15,-107.3,90,43
0,34.117,-107.28,20,22
0,35.633,-108.32,40,50
0,35.25,-107.22,100,21
0,35.867,-107.17,244,30
0,45.602,-121.23,10,40
0,36.6,-107.42,100,25
0,43.919,-117.2,20,132
0,32.983,-107.05,1066,41
0,34.233,-107.63,61,37
0,36.767,-105.97,30,100
0,36.15,-104.58,80,43
0,36.183,-104.67,80,43
0,36.951,-76.267,164,42
0,36.8,-76.035,181,46
0,32.45,-106.6,80,29
0,32.5,-106.1,20,32
0,35.3,-106.17,130,16
0,45.602,-122.12,30,55
0,42.767,-109.57,305,19
0,36.883,-104.72,40,38
0,45.684,-120.12,20,46
0,36.7,-105.52,310,18
0,36.7,-105.53,310,20
0,36.7,-105.47,180,22
0,36.75,-108.8,80,31
0,32.617,-106.97,30,190
0,35.3,-106.25,70,22
0,34.75,-106.98,1686,40
0,35.333,-107.62,100,28
0,35.25,-106.18,40,15
0,33.467,-105.78,20,34
0,36.6,-108.65,936,23
0,34.783,-108.27,70,20
0,36.567,-107.27,1220,41
0,36.633,-107.42,1098,34
0,33.95,-106.93,40,21
0,46.401,-120.07,27,42
0,45.768,-122.19,15,16
0,45.767,-122.19,15,22
0,35.933,-107.47,716,30
0,36.45,-105.58,60,37
0,36.617,-108.62,120,37
0,34.083,-107.37,90,34
0,35.517,-106.12,60,21
0,37.683,-111.73,660,29
0,45.435,-121.7,100,30
0,36.8,-104.95,130,52
0,31.067,-104.78,50,17
0,32.2,-108.08,290,23
0,32.533,-106.42,190,23
0,46.818,-120.2,10,37
0,34.967,-108.75,50,24
0,42.067,-105.78,30,18
0,41.451,-106.73,70,33
0,41.433,-106.92,70,21
0,37.719,-109.35,210,17
0,41.85,-109.53,100,33
0,42.818,-105.3,340,44
0,38.236,-109.28,90,17
0,48.917,-117.33,350,26
0,39.717,-113.22,30,47
0,42.286,-118.63,72,117
0,42.318,-118.6,79,251
0,42.302,-118.65,58,112
0,42.317,-118.62,73,138
0,46.302,-119.75,125,34
0,41.067,-111.12,1500,21
0,41.067,-111.07,1000,22
0,48.718,-97.801,64,19
0,46.884,-120.38,59,29
0,43.684,-120.47,27,49
0,43.618,-120.45,15,39
0,43.751,-120.93,70,55
0,41.15,-104.95,2055,36
0,41.05,-119.02,76,225
0,44.6,-122.05,66,91
0,40.352,-117.32,30,213
0,30.183,-96.084,1500,25
0,35.667,-108.13,300,47
0,42.234,-120.35,35,551
0,46.55,-120.67,80,64
0,36.217,-105.8,90,38
0,46.035,-119.63,29,23
0,45.917,-120.18,224,17
0,47.751,-118.7,100,52
0,46.268,-114.07,195,51
0,40.302,-74.05,292,22
0,45.985,-120.37,14,64
0,42.317,-117.9,130,70
0,45.818,-120.82,10,34
0,35.117,-107.77,220,19
0,45.602,-122.12,50,45
0,35.883,-106.67,120,122
0,35.933,-106.67,110,239
0,35.967,-106.63,90,248
0,35.883,-106.72,70,67
0,43.201,-118.99,35,132
0,38,-79.833,148,107
0,45.602,-122.18,105,36
0,35.234,-77.585,174,27
0,35.583,-105.25,150,27
0,45.869,-120.68,134,52
0,33.25,-96.65,105,44
0,33.567,-107.6,100,41
0,33.567,-107.6,200,81
0,41.386,-79.718,100,31
0,47.152,-119.3,14,50
0,34.033,-107.22,150,33
0,44.769,-121.95,90,82
0,45.317,-118.1,75,17
0,34.283,-108.78,80,35
0,35.217,-107.02,140,56
0,35.2,-107.02,160,55
0,35.2,-107.08,120,49
0,29.8,-104.4,560,21
0,35.533,-106.98,277,18
0,36.617,-108.62,270,52
0,45.751,-121.54,199,21
0,43.984,-117.22,230,114
0,45.451,-121.64,101,31
0,45.319,-121.65,310,79
0,45.318,-121.7,560,67
0,45.301,-121.67,250,10
0,42.319,-118.54,46,34
0,37.935,-75.451,296,19
0,45.117,-120.84,80,54
0,47.235,-120,49,32
0,46.869,-118.92,10,47
0,43.936,-117.1,10,60
0,42.534,-118.48,88,78
0,34.653,-83.168,225,18
0,34.769,-83.268,270,27
0,36.55,-108.03,1555,34
0,38.233,-79.817,250,14
0,36.318,-76.051,299,27
0,43,-118.74,25,140
0,43.484,-120.09,20,114
0,42.552,-119.03,89,61
0,42.685,-119.05,87,51
0,37.285,-75.919,295,66
0,45.302,-112.87,285,21
0,48.051,-118.7,420,23
0,45.368,-109.9,171,20
0,46.35,-119.27,608,34
0,38.818,-109.7,430,16
0,37.351,-75.985,121,25
0,35.517,-75.984,296,23
0,38.152,-109.6,427,21
0,37.733,-117.18,146,41
0,37.034,-76.302,251,27
0,34.65,-77.317,558,18
0,44.35,-103.75,584,19
0,34.567,-78.933,291,22
0,43.084,-118.82,40,96
0,43.084,-118.84,89,83
0,39.983,-109.6,541,32
0,37.335,-80.767,188,21
0,36.983,-94.867,500,19
0,36.85,-76.469,557,22
0,46.519,-122.83,150,33
0,46.535,-122.84,90,33
0,35.784,-78.417,104,16
0,35.718,-78.319,97,13
0,36.384,-78.967,229,10
0,32.8,-108.07,180,48
0,37.717,-117.78,172,36
0,33.936,-77.983,361,27
0,45.767,-122.19,120,29
0,46.534,-122.82,260,21
0,46.519,-122.8,710,18
0,46.518,-122.83,340,24
0,45.036,-122.62,95,37
0,37.2,-82.1,250,9
0,42.319,-120.52,55,44
0,38.933,-119.07,107,22
0,36.233,-107.73,1837,29
0,43.786,-122.42,80,36
0,32.967,-107.53,180,32
0,36.9,-108.02,380,35
0,36.833,-107.92,500,39
0,45.669,-119.83,45,40
0,45.669,-120.12,50,54
0,45.701,-120.13,45,57
0,36.417,-108.03,1189,29
0,46.352,-119.27,110,40
0,35.867,-106.15,150,40
0,43.483,-119.54,50,47
0,43.569,-119.4,42,33
0,43.468,-119.54,37,134
0,43.568,-120,27,185
0,43.752,-120.37,20,42
0,43.783,-120.6,40,82
0,43.617,-120.47,25,44
0,43.802,-120.98,45,34
0,35.217,-107.32,210,50
0,36.75,-107.72,380,29
0,42.434,-117.77,130,60
0,37.367,-109.42,1570,27
0,33.883,-106.35,130,29
0,36.4,-107.42,1341,38
0,33.733,-106.03,290,22
0,34.8,-107.13,350,35
0,36.817,-107.23,1189,47
0,36.533,-106.48,300,39
0,36.033,-107.9,100,36
0,35.85,-107.4,600,34
0,46.417,-120.12,50,43
0,33.317,-107.7,71,42
0,33.317,-107.7,86,42
0,36.917,-104.87,370,38
0,35.267,-103.85,500,18
0,34.1,-106.8,130,42
0,36.217,-104.68,220,53
0,36.85,-107.7,1729,36
0,35.7,-107.93,170,29
0,43.8,-122.4,70,38
0,40.533,-112.15,656,18
0,34.002,-107.8,427,48
0,47.702,-121.13,60,55
0,47.568,-118.93,19,58
0,47.569,-118.27,66,53
0,45.834,-122.52,192,25
0,36.533,-106.85,270,32
0,36.733,-108.28,1240,33
0,41.1,-74.584,335,12
0,46.451,-120.22,85,32
0,36.367,-106.9,300,27
0,36.367,-106.9,991,29
0,36.6,-107.35,280,30
0,36.85,-108.53,1037,21
0,43.217,-118.93,60,58
0,36.901,-76.7,287,21
0,34.85,-106.77,3781,42
0,34.917,-106.75,4428,34
0,36.269,-76.201,300,23
0,34.283,-107.25,200,29
0,36.15,-104.7,90,43
0,34.15,-107.3,170,40
0,34.117,-107.28,120,38
0,35.633,-108.32,90,54
0,35.25,-107.22,130,33
0,35.867,-107.17,640,40
0,45.602,-121.23,90,45
0,36.6,-107.42,460,29
0,43.919,-117.2,170,98
0,32.983,-107.05,1891,42
0,34.233,-107.63,198,43
0,45.384,-121.8,190,65
0,36.767,-105.97,100,74
0,36.15,-104.58,140,55
0,36.183,-104.67,170,64
0,36.951,-76.267,301,24
0,36.8,-76.035,293,33
0,32.45,-106.6,310,36
0,32.5,-106.1,70,28
0,35.3,-106.17,370,22
0,45.602,-122.12,105,63
0,42.767,-109.57,2088,16
0,36.883,-104.72,160,50
0,45.684,-120.12,60,73
0,36.7,-105.52,450,22
0,36.7,-105.53,430,23
0,36.7,-105.47,330,24
0,36.75,-108.8,130,41
0,32.617,-106.97,80,205
0,35.3,-106.25,120,31
0,34.75,-106.98,2228,40
0,35.333,-107.62,280,32
0,35.25,-106.18,80,23
0,33.467,-105.78,130,30
0,36.6,-108.65,1162,42
0,34.783,-108.27,200,31
0,36.567,-107.27,1555,28
0,36.633,-107.42,1494,28
0,33.95,-106.93,110,34
0,46.401,-120.07,27,39
0,45.768,-122.19,150,24
0,35.933,-107.47,1311,28
0,36.45,-105.58,110,41
0,36.617,-108.62,180,20
0,34.083,-107.37,200,44
0,35.517,-106.12,110,23
0,37.683,-111.73,820,15
0,45.435,-121.7,100,27
0,45.417,-121.77,50,81
0,36.8,-104.95,270,37
0,31.067,-104.78,120,16
0,32.2,-108.08,391,17
0,32.533,-106.42,240,39
0,46.818,-120.2,40,44
0,34.967,-108.75,200,50
0,42.134,-105.79,10,30
0,41.451,-106.67,20,35
0,41.434,-106.89,30,20
0,37.719,-109.35,220,17
0,41.85,-109.53,100,34
0,42.818,-105.3,340,44
0,43.201,-105.07,100,34
0,38.236,-109.28,50,15
0,48.917,-117.33,320,22
0,39.717,-113.22,120,55
0,42.302,-118.65,104,56
0,42.317,-118.62,116,173
0,43.684,-120.47,35,84
0,43.618,-120.45,37,66
0,41.05,-119.02,189,115
0,45.985,-120.37,59,41
0,42.317,-117.9,250,58
0,35.933,-106.67,140,140
0,35.967,-106.63,150,147
0,34.033,-107.22,230,44
0,45.317,-118.1,20,27
0,35.217,-107.02,180,75
0,35.2,-107.08,150,60
0,29.8,-104.4,620,16
0,35.533,-106.98,335,39
0,45.319,-121.65,275,68
0,42.534,-118.48,55,75
0,34.769,-83.268,305,19
0,38.233,-79.817,135,17
0,43.484,-120.09,32,73
0,42.552,-119.03,35,71
0,42.685,-119.05,65,50
0,46.35,-119.27,174,30
0,38.818,-109.7,457,13
0,38.152,-109.6,945,13
0,34.567,-78.933,307,19
0,43.084,-118.84,60,74
0,42.767,-109.57,305,18
0,46.519,-122.83,395,24
0,46.535,-122.84,375,25
0,33.936,-77.983,478,18
0,46.518,-122.83,690,22
0,37.2,-82.1,320,26
0,42.319,-120.52,105,70
0,45.669,-119.83,70,32
0,45.701,-120.13,120,45
0,35.867,-106.15,300,30
0,43.468,-119.54,45,80
0,43.568,-120,35,133
0,43.752,-120.37,30,88
0,43.617,-120.47,40,82
0,35.217,-107.32,250,45
0,33.733,-106.03,330,20
0,36.033,-107.9,140,41
0,35.85,-107.4,600,34
0,33.317,-107.7,143,49
0,35.267,-103.85,940,26
0,40.533,-112.15,1046,24
0,34.002,-107.8,732,57
0,36.533,-106.85,330,37
0,41.1,-74.584,613,13
0,36.367,-106.9,420,32
0,36.367,-106.9,1524,31
0,34.917,-106.75,5557,38
0,35.25,-107.22,160,32
0,34.233,-107.63,274,43
0,45.384,-121.8,600,51
0,36.767,-105.97,160,64
0,36.8,-76.035,181,40
0,32.5,-106.1,140,30
0,36.7,-105.52,590,21
0,36.7,-105.53,510,21
0,36.7,-105.47,440,26
0,35.3,-106.25,170,36
0,35.25,-106.18,180,21
0,36.6,-108.65,1329,19
0,34.783,-108.27,260,25
0,36.617,-108.62,280,52
0,45.417,-121.77,300,77
0,32.2,-108.08,498,19
0,46.869,-118.92,170,57
0,34.967,-108.75,240,71
0,42.15,-105.77,90,21
0,38.236,-109.28,90,18
0,48.917,-117.33,518,22
0,39.717,-113.22,50,55
0,43.618,-120.45,42,118
0,42.317,-117.9,300,49
0,38.233,-79.817,330,15
0,38.818,-109.7,677,14
0,38.152,-109.6,1798,17
0,43.752,-120.37,40,128
0,43.617,-120.47,45,121
0,35.217,-107.32,290,30
0,36.367,-106.9,800,38
0,36.367,-106.9,1646,40
0,45.384,-121.8,1000,55
0,32.5,-106.1,270,32
0,35.25,-106.18,310,19
0,42.15,-105.77,40,23
0,38.236,-109.28,100,18
0,48.917,-117.33,647,19
0,39.717,-113.22,30,58
0,42.317,-117.9,350,38
0,38.233,-79.817,480,14
0,39.7,-112.92,20,53
0,43.752,-120.37,47,88
0,43.617,-120.47,55,95
0,36.367,-106.9,900,29
0,42.151,-105.75,40,14
0,38.268,-109.3,130,22
0,42.317,-117.9,400,40
0,43.617,-120.47,70,50
0,42.153,-105.97,20,22
0,42.168,-105.82,20,24
0,42.168,-105.82,20,26
0,46.719,-112.32,28,72
0,46.719,-112.32,30,49
0,46.719,-112.35,20,111
0,46.718,-112.32,30,70
0,46.718,-112.39,25,34
0,46.717,-112.34,100,79
0,46.717,-112.37,80,52
0,46.717,-112.35,140,81
0,46.717,-112.34,100,78
0,46.717,-112.3,30,31
0,46.717,-112.33,50,80
0,46.702,-112.28,90,25
0,46.702,-112.37,25,38
0,46.683,-112.2,25,23
0,46.617,-112.12,25,21
0,46.6,-106.07,70,26
0,46.568,-114.12,84,34
0,46.568,-114.03,109,40
0,46.469,-112.12,35,33
0,46.469,-112.12,65,24
0,46.45,-113.42,320,18
0,46.385,-107.77,68,30
0,46.383,-112.57,110,26
0,46.334,-112.07,120,19
0,46.235,-112.43,260,26
0,46.168,-108.6,225,25
0,46.05,-112.55,640,30
0,45.951,-112.69,20,40
0,45.917,-112,220,24
0,45.717,-112.33,70,29
0,45.717,-112.33,90,30
0,45.368,-109.9,83,18
0,45.367,-109.82,163,17
0,45.051,-109.95,50,16
0,45.035,-109.94,50,18
0,45.035,-110.6,85,19
0,44.934,-113.47,138,20
0,42.969,-99.018,85,92
0,42.952,-99.701,10,109
0,42.903,-102.2,120,48
0,42.9,-100.5,25,64
0,42.884,-99.568,80,93
0,42.784,-102.65,150,45
0,42.751,-103.27,10,66
0,42.602,-102.2,120,38
0,42.567,-102.64,15,48
0,42.434,-98.65,105,50
0,42.219,-97.035,65,62
0,41.819,-103.25,95,59
0,41.769,-96.451,75,9
0,41.769,-101.67,270,47
0,41.768,-103.7,500,46
0,41.652,-101.47,240,49
0,41.601,-101.8,200,54
0,41.55,-103.14,500,52
0,41.5,-103.1,800,55
0,41.485,-96.551,115,23
0,41.452,-103.75,100,43
0,41.417,-102.55,10,50
0,41.217,-103.05,400,50
0,41.201,-102.59,700,60
0,41.169,-103.67,250,41
0,41.168,-103.27,1000,44
0,41.134,-102.93,20,50
0,41.067,-102.09,10,59
0,40.952,-100.57,120,28
0,40.851,-95.802,110,20
0,40.784,-100.33,10,30
0,41.417,-102.55,10,50
0,41.217,-103.05,400,50
0,41.201,-102.59,700,60
0,41.169,-103.67,250,41
0,41.168,-103.27,1000,44
0,41.134,-102.93,20,50
0,41.067,-102.09,10,59
0,40.952,-100.57,120,28
0,40.851,-95.802,110,20
0,40.784,-100.33,10,30
0,40.767,-95.985,75,23
0,40.634,-96.502,10,28
0,40.252,-96.183,200,32
0,40.201,-101.15,240,51
0,40.2,-101.15,115,48
0,40.184,-95.833,60,30
0,40.15,-101.48,140,50
0,40.15,-100.15,240,51
0,40.15,-96.068,140,18
0,40.136,-101.47,330,53
0,40.118,-100.17,200,33
0,40.05,-96.451,120,30
0,41.883,-115.08,100,37
0,41.201,-119.05,30,88
0,41.119,-119,9,386
0,41.086,-118.98,30,121
0,41.086,-118.99,30,127
0,41.068,-119.02,40,70
0,41.018,-119.05,55,76
0,40.985,-119.1,55,82
0,40.95,-116.02,122,25
0,40.934,-119.09,15,53
0,40.918,-119,49,77
0,40.901,-119.08,49,62
0,40.901,-119.13,40,85
0,40.869,-119.1,58,67
0,40.868,-119.17,34,81
0,40.833,-117.53,38,46
0,40.683,-117.07,26,33
0,40.617,-117.07,61,31
0,40.55,-117.57,61,49
0,40.55,-117.23,137,18
0,40.55,-117.1,259,31
0,40.451,-117.87,18,34
0,40.434,-117.35,40,107
0,40.402,-117.85,37,38
0,40.4,-117.9,75,84
0,40.385,-117.94,75,87
0,40.352,-117.35,45,80
0,40.333,-116.72,61,29
0,40.3,-116.67,76,30
0,40.267,-116.75,122,27
0,40.033,-118.32,137,91
0,39.5,-115.98,31,10
0,39.467,-119.63,61,42
0,39.383,-119.63,30,54
0,39.3,-119.65,107,86
0,39.283,-114.35,130,20
0,39.267,-114.98,400,29
0,39.25,-119.67,137,21
0,39.233,-115.57,160,31
0,39.2,-118.37,70,24
0,39.083,-114.68,200,40
0,39.067,-114.92,250,26
0,38.967,-116.63,401,51
0,38.967,-119.27,155,16
0,38.95,-118.63,260,32
0,38.917,-119.07,137,20
0,38.917,-116.33,228,38
0,38.883,-119.58,99,30
0,38.85,-119.75,280,19
0,38.817,-116.45,154,39
0,38.717,-116.03,282,34
0,38.683,-116.47,150,52
0,38.6,-114.73,76,14
0,38.583,-116.2,192,31
0,38.567,-116.93,198,25
0,38.483,-118.2,30,88
0,38.317,-117.3,150,32
0,38.317,-117.87,76,29
0,38.317,-117.52,140,25
0,38.3,-116.58,40,31
0,38.233,-117.55,110,31
0,38.1,-114.6,30,20
0,38.083,-114.62,200,26
0,37.967,-114.6,30,18
0,37.633,-115.55,182,13
0,37.283,-116.4,610,25
0,37.183,-116.2,152,16
0,37.05,-116,213,42
0,36.869,-116.47,1067,29
0,36.852,-116.3,643,41
0,36.8,-116.4,61,36
0,36.767,-116.12,564,41
0,36.767,-115.87,137,33
0,36.633,-116.3,61,31
0,36.6,-115.78,396,15
0,35.467,-115.13,180,27
0,44.933,-71.533,35,11
0,44.633,-71.333,45,14
0,44.333,-71.817,85,15
0,44.183,-71.2,40,26
0,44.1,-72,150,20
0,44.067,-71.167,120,24
0,44.033,-71.483,168,25
0,44,-72.083,100,9
0,43.933,-71.135,60,29
0,43.933,-71.533,240,25
0,43.883,-71.183,40,20
0,43.783,-71.467,90,20
0,43.733,-71.45,75,18
0,43.733,-71.417,60,23
0,43.7,-71.367,60,20
0,43.683,-71.35,60,18
0,43.65,-72.067,20,13
0,43.65,-71.533,35,24
0,43.65,-70.867,45,25
0,43.633,-71.517,120,21
0,43.6,-71.2,50,29
0,43.6,-72.333,45,12
0,43.567,-72.033,50,15
0,43.533,-71.433,20,15
0,43.483,-72.133,30,23
0,43.483,-71.267,70,25
0,43.483,-72.083,120,19
0,43.45,-71.733,110,20
0,43.383,-71.35,45,12
0,43.367,-72.15,40,18
0,43.283,-72.15,30,18
0,43.283,-70.667,50,19
0,43.267,-71.983,200,22
0,43.2,-71.533,200,20
0,43.15,-71.683,45,15
0,43.117,-70.917,260,17
0,43.117,-72,40,20
0,43.083,-72.367,110,14
0,43.05,-71.7,60,18
0,43.05,-71.85,40,25
0,43.017,-71.617,105,20
0,43,-71.767,50,13
0,42.933,-71.533,60,20
0,42.933,-71.533,60,26
0,42.85,-71.617,30,19
0,42.85,-71.617,45,15
0,42.85,-71.367,40,26
0,42.833,-71.717,65,20
0,42.817,-71.75,200,22
0,42.783,-72.133,100,21
0,42.75,-71.85,35,15
0,42.733,-71.6,75,15
0,42.733,-71.6,30,16
0,41.883,-71.133,115,13
0,41.7,-71.167,100,15
0,41.65,-71.267,120,9
0,39.834,-74.169,222,33
0,39,-74.9,137,28
0,38.05,-107.5,140,89
0,37.983,-109.05,150,23
0,36.95,-107.98,50,35
0,36.9,-104.92,30,55
0,36.9,-107.85,915,48
0,36.817,-104.68,110,38
0,36.8,-107.88,970,41
0,36.783,-107.83,220,29
0,36.783,-104.7,90,36
0,36.75,-104.88,30,47
0,36.717,-105.4,280,29
0,36.7,-107.72,230,28
0,36.7,-105.52,190,19
0,36.7,-107.65,1000,37
0,36.683,-107.2,1052,30
0,36.65,-107.67,100,27
0,36.65,-105.98,60,50
0,36.633,-105.65,140,35
0,36.55,-107.12,1250,34
0,36.517,-104.37,120,30
0,36.467,-103.6,190,20
0,36.4,-104.23,230,27
0,36.383,-106.38,40,31
0,36.317,-107.82,1390,33
0,36.267,-104.1,130,25
0,36.217,-105.8,40,33
0,36.133,-103.9,90,25
0,36.133,-104.72,90,43
0,35.95,-107.9,473,29
0,35.933,-107.8,40,37
0,35.917,-107.82,90,39
0,35.883,-106.15,190,33
0,35.85,-108.05,250,35
0,35.75,-105.65,70,31
0,35.75,-105.65,130,24
0,35.667,-106.18,100,48
0,35.65,-108.52,500,22
0,35.633,-109.03,30,22
0,35.583,-106.22,70,39
0,35.583,-108.85,40,30
0,35.567,-105.25,100,22
0,35.55,-108.77,20,32
0,35.55,-108.77,70,61
0,35.5,-106.1,40,28
0,35.467,-106.12,90,24
0,35.45,-106.1,70,24
0,35.45,-106.12,80,24
0,35.45,-106.1,80,26
0,35.417,-106,40,30
0,35.35,-106.67,2115,34
0,35.333,-106.87,1435,32
0,35.333,-106.18,230,27
0,35.317,-106.17,140,18
0,35.283,-107.25,70,51
0,35.267,-106.2,150,18
0,35.25,-106.18,190,22
0,35.25,-106.18,30,19
0,35.25,-107.98,20,18
0,35.2,-107.32,90,28
0,35.15,-106.27,60,23
0,35.05,-106.52,140,19
0,35.017,-106.97,1215,32
0,35,-105.62,60,12
0,35,-105.9,60,26
0,35,-105.72,30,23
0,34.933,-106.55,20,19
0,34.933,-106.65,1616,38
0,34.933,-106.55,30,17
0,34.717,-106.95,972,39
0,34.383,-108.22,50,48
0,34.333,-108.5,20,39
0,34.317,-108.12,70,35
0,34.3,-107.43,20,31
0,34.067,-106.95,11,159
0,33.95,-106.28,30,22
0,33.75,-107.82,20,54
0,33.733,-107.35,80,28
0,33.617,-107.13,20,46
0,33.617,-107.13,20,65
0,33.517,-108.18,20,61
0,33.417,-106.92,1098,15
0,33.417,-107.42,90,44
0,33.417,-106.95,520,32
0,33.283,-107.72,180,43
0,33.283,-107.27,20,42
0,33.283,-105.97,2438,39
0,33.283,-107.72,80,39
0,33.283,-107.28,1000,40
0,33.283,-105.93,757,32
0,33.25,-106.9,617,30
0,33.2,-107.25,1091,32
0,33.183,-106.88,495,32
0,33.1,-106.88,730,31
0,33.083,-106.97,1035,43
0,33.05,-108.5,360,40
0,32.9,-106.87,1632,40
0,32.9,-109.03,240,41
0,32.883,-107.25,30,26
0,32.85,-108.3,120,33
0,32.8,-108.07,100,23
0,32.75,-106.12,72,43
0,32.717,-107.58,120,41
0,32.668,-108.48,183,28
0,32.617,-106.97,61,218
0,32.567,-106.05,90,41
0,32.534,-104.37,24,9
0,32.533,-107.68,130,36
0,32.533,-108.35,170,17
0,32.45,-106.6,500,35
0,32.45,-106.6,40,29
0,32.435,-106.09,107,40
0,32.433,-107.08,1084,29
0,32.433,-106.45,90,37
0,32.417,-106.12,100,34
0,32.403,-103.74,322,78
0,32.4,-106.65,12,30
0,32.4,-106.12,300,42
0,32.367,-107.67,30,836
0,32.333,-108.78,130,33
0,32.283,-106.4,120,41
0,32.167,-109.03,100,47
0,32.117,-108.93,90,21
0,32.017,-106.8,743,39
0,32.017,-105.48,320,21
0,31.9,-108.43,90,40
0,31.867,-107,1168,25
0,31.85,-108.3,160,32
0,31.767,-107.38,782,49
0,44.583,-73.9,260,15
0,44.333,-74.267,100,18
0,44.267,-75.4,150,10
0,44.233,-73.467,210,18
0,44.217,-73.533,400,18
0,43.3,-73.617,220,9
0,42.568,-76.951,200,32
0,42.45,-74.45,150,15
0,42.417,-76.9,68,35
0,36.519,-76.868,328,23
0,36.418,-78.885,139,10
0,36.418,-79.019,131,11
0,36.403,-77.902,111,18
0,36.302,-78.833,124,11
0,36.067,-78.117,142,19
0,36.034,-77.751,91,19
0,36.017,-80.417,20,7
0,35.95,-78.319,155,16
0,35.902,-82.118,211,16
0,35.851,-78.469,174,16
0,35.75,-75.785,196,63
0,35.683,-78.933,40,15
0,35.667,-75.75,280,35
0,35.633,-82.167,40,17
0,35.433,-83.45,40,17
0,35.283,-80.883,60,6
0,34.768,-76.652,192,31
0,34.518,-77.451,444,33
0,34.219,-77.852,257,26
0,34.117,-78.333,40,28
0,48.934,-100.82,250,54
0,48.917,-102.43,760,56
0,48.901,-100.85,70,39
0,48.633,-97.667,55,23
0,48.519,-101.2,140,43
0,48.451,-101.32,235,40
0,48.368,-101.45,300,36
0,47.95,-97.067,23,13
0,47.783,-97.05,23,12
0,47.467,-103.8,107,42
0,47.333,-97.533,58,47
0,47.283,-103.3,168,38
0,47.25,-97.267,58,12
0,47.167,-104,152,37
0,47.117,-103.67,137,44
0,47.067,-103.67,137,45
0,46.534,-103.27,79,42
0,46.517,-97.2,40,21
0,46.5,-101.97,89,26
0,46.4,-103.68,76,37
0,46.4,-103.68,76,38
0,46.267,-96.95,38,18
0,46.183,-103.48,91,45
0,46.083,-97.083,202,19
0,34.819,-98.434,400,15
0,46.15,-123.87,76,30
0,45.951,-118.48,90,34
0,45.9,-119.22,15,27
0,45.835,-119.67,135,71
0,45.767,-119.1,25,45
0,45.717,-119.02,40,42
0,45.686,-123.12,100,31
0,45.686,-121.34,20,48
0,45.685,-121.34,50,21
0,45.684,-121.37,35,30
0,45.669,-121.3,15,27
0,45.667,-117.83,90,41
0,45.651,-121.32,100,35
0,45.651,-123.17,65,23
0,45.636,-121.47,60,37
0,45.619,-121.35,20,41
0,45.618,-117.79,35,46
0,45.6,-118.79,40,31
0,45.586,-121.14,30,30
0,45.584,-118.45,10,22
0,45.535,-122.75,70,22
0,45.534,-122.57,160,32
0,45.518,-122.43,130,37
0,45.467,-121.19,10,41
0,45.45,-118.83,50,23
0,45.434,-119.77,55,25
0,45.419,-120.92,10,37
0,45.419,-121.28,230,41
0,45.385,-122.35,50,35
0,45.384,-121.85,100,57
0,45.369,-122.58,45,20
0,45.369,-122.02,70,42
0,45.352,-118.12,90,46
0,45.352,-118.53,40,41
0,45.352,-121.27,10,90
0,45.351,-120.14,90,33
0,45.351,-121.93,35,43
0,45.336,-121.13,10,35
0,45.319,-121.7,195,201
0,45.318,-118.84,70,25
0,45.318,-122.87,170,30
0,45.317,-121.09,10,26
0,45.301,-121.82,50,28
0,45.268,-117.93,27,56
0,45.236,-121.12,10,77
0,45.202,-117.85,12,65
0,45.201,-119.33,55,36
0,45.168,-121.2,20,49
0,45.168,-121.07,50,60
0,45.069,-120.95,35,44
0,45.035,-120.99,80,44
0,45.019,-116.85,30,25
0,45.019,-121.95,10,162
0,45.018,-122,95,169
0,45.001,-122.65,95,34
0,44.986,-122.05,10,65
0,44.95,-122.17,20,66
0,44.884,-122.7,95,27
0,44.867,-122.7,10,27
0,44.852,-122.87,22,24
0,44.834,-122.83,30,34
0,44.819,-122.24,35,28
0,44.802,-120.73,45,36
0,44.801,-122.4,47,24
0,44.8,-122.4,25,23
0,44.786,-124.05,10,20
0,44.786,-124.05,10,17
0,44.769,-122.03,30,55
0,44.769,-121.02,60,55
0,44.767,-122.55,22,47
0,44.718,-122.17,10,43
0,44.668,-118,25,35
0,44.618,-122.72,40,26
0,44.601,-122.75,30,42
0,44.601,-121.1,70,48
0,44.601,-123.29,10,31
0,44.585,-120.92,605,31
0,44.55,-122.8,30,36
0,44.534,-123.28,60,15
0,44.467,-122.9,40,29
0,44.45,-122.82,15,20
0,44.45,-122.79,27,22
0,44.434,-122.98,95,25
0,44.419,-122.7,90,39
0,44.401,-118.95,40,32
0,44.4,-122.64,90,37
0,44.351,-117.38,30,32
0,44.333,-122.99,10,25
0,44.284,-117.25,30,61
0,44.267,-120.8,7,57
0,44.267,-117.57,10,71
0,44.234,-120.97,40,70
0,44.217,-120.99,20,120
0,44.2,-122.04,100,88
0,44.185,-117.43,30,71
0,44.184,-117.48,15,48
0,44.184,-121.04,25,141
0,44.168,-117.42,105,70
0,44.168,-117.38,130,94
0,44.167,-122.28,12,35
0,44.151,-117.4,110,99
0,44.151,-122.24,15,51
0,44.15,-122.07,30,70
0,44.118,-117.17,50,82
0,44.101,-117.23,30,183
0,44.1,-117.45,10,134
0,44.1,-117.28,10,94
0,44.085,-117.02,50,76
0,44.084,-117.09,25,115
0,44.052,-122.78,20,25
0,44.051,-117.38,15,85
0,44.036,-122.87,40,26
0,44.035,-122.83,50,37
0,44.034,-122.92,45,36
0,44.018,-116.97,55,88
0,43.985,-117.33,25,66
0,43.984,-117.23,30,112
0,43.983,-117.1,35,110
0,43.969,-117.25,7,78
0,43.952,-117.65,30,44
0,43.952,-123.1,15,32
0,43.951,-122.83,70,38
0,43.936,-122.89,25,34
0,43.919,-117.17,10,236
0,43.919,-122.9,42,31
0,43.918,-117.32,35,71
0,43.918,-117.18,30,176
0,43.917,-117.12,20,104
0,43.903,-120.82,25,51
0,43.902,-117.17,20,158
0,43.901,-121.35,93,38
0,43.901,-117.37,31,87
0,43.9,-117.18,30,98
0,43.885,-117.13,20,99
0,43.885,-117.15,30,213
0,43.884,-117.17,30,114
0,43.884,-117.2,10,76
0,43.851,-120.25,12,52
0,43.85,-117.27,20,69
0,43.835,-117.2,30,104
0,43.834,-117.25,10,63
0,43.769,-117.15,37,53
0,43.752,-117.15,15,108
0,43.752,-117.12,22,125
0,43.752,-122.42,25,35
0,43.751,-118.37,10,73
0,43.751,-117.54,65,111
0,43.734,-118.07,10,81
0,43.719,-121.35,27,65
0,43.717,-122.32,10,60
0,43.702,-117.55,10,37
0,43.702,-117.34,10,105
0,43.702,-119.92,12,42
0,43.686,-117.39,10,53
0,43.667,-122.45,20,40
0,43.652,-119.93,12,61
0,43.634,-122.18,30,51
0,43.619,-117.03,10,75
0,43.617,-117.05,10,111
0,43.601,-117.35,26,107
0,43.585,-117.02,15,158
0,43.551,-117.1,45,62
0,43.534,-119.95,40,203
0,43.517,-119.7,15,104
0,43.501,-120.04,15,120
0,43.5,-118.65,40,82
0,43.467,-118.72,75,60
0,43.467,-118.58,60,69
0,43.435,-118.6,30,80
0,43.435,-118.18,40,69
0,43.434,-119.02,42,30
0,43.419,-118.63,10,188
0,43.418,-119.62,12,57
0,43.385,-117.12,10,51
0,43.383,-119,50,81
0,43.35,-119.12,7,47
0,43.301,-119.75,17,20
0,43.301,-119.77,17,84
0,43.285,-119.14,10,69
0,43.268,-117.09,15,74
0,43.217,-118.73,95,74
0,43.217,-119.24,12,54
0,43.202,-119.03,46,131
0,43.185,-118.95,10,130
0,43.184,-118.93,10,73
0,43.184,-119.88,10,51
0,43.169,-117.03,15,67
0,43.168,-118.95,10,88
0,43.084,-118.72,20,39
0,43.002,-117.03,12,58
0,42.967,-119.25,61,78
0,42.884,-117.54,10,68
0,42.867,-117.32,10,81
0,42.851,-123.37,75,12
0,42.803,-122.93,105,20
0,42.802,-117.18,20,68
0,42.801,-118.95,20,17
0,42.801,-123.85,37,11
0,42.733,-117.85,15,174
0,42.7,-119.12,45,51
0,42.668,-118.35,10,289
0,42.652,-118.35,40,146
0,42.634,-120.62,20,77
0,42.634,-119.08,65,52
0,42.552,-119.07,50,60
0,42.534,-118.43,59,58
0,42.519,-122.63,25,31
0,42.5,-118.12,100,51
0,42.486,-122.97,10,19
0,42.485,-122.95,30,17
0,42.469,-123.39,60,12
0,42.434,-118.12,10,147
0,42.417,-117.85,20,135
0,42.401,-117.97,10,89
0,42.401,-120.48,105,32
0,42.384,-122.97,95,12
0,42.353,-120.55,30,136
0,42.334,-120.52,10,124
0,42.334,-120.52,15,72
0,42.334,-120.53,10,61
0,42.319,-120.57,10,108
0,42.318,-120.55,30,121
0,42.318,-122.8,75,24
0,42.301,-118.27,10,130
0,42.252,-118.32,10,83
0,42.251,-118.34,10,88
0,42.235,-118.3,31,67
0,42.217,-117.87,10,75
0,42.202,-118.33,10,139
0,42.2,-121.72,30,165
0,42.2,-121.73,25,170
0,42.185,-118.67,20,59
0,42.185,-121.77,4,160
0,42.185,-118.4,37,81
0,42.185,-121.7,80,138
0,42.184,-121.79,15,223
0,42.184,-121.77,15,110
0,42.184,-122.63,95,15
0,42.169,-121.69,30,48
0,42.167,-121.65,10,47
0,42.153,-121.67,100,28
0,42.151,-121.69,40,90
0,42.15,-121.67,20,80
0,42.136,-121.67,20,82
0,42.134,-122.72,283,16
0,42.133,-121.92,15,55
0,42.119,-121.73,10,86
0,42.102,-121.68,10,180
0,42.102,-121.85,20,146
0,42.085,-121.9,15,17
0,42.084,-121.69,12,77
0,42.067,-121.8,28,45
0,42.052,-121.6,60,58
0,42.052,-121.75,20,74
0,42.051,-121.59,20,120
0,42.051,-122.64,10,28
0,42.051,-117.7,10,76
0,42.019,-121.74,53,78
0,42.018,-121.58,25,74
0,42.001,-121.62,45,110
0,42.001,-121.82,51,16
0,45.602,-121.99,60,45
0,45.485,-121.55,10,56
0,45.419,-121.45,95,30
0,45.402,-121.82,80,62
0,45.368,-121.82,75,66
0,45.335,-121.92,30,54
0,45.335,-121.35,50,41
0,45.303,-121.79,100,16
0,45.301,-121.75,50,22
0,45.284,-121.7,80,41
0,45.269,-121.73,180,53
0,45.268,-121.83,100,25
0,44.901,-121.87,150,63
0,44.85,-121.82,500,79
0,44.833,-121.87,70,34
0,44.769,-121.97,6,339
0,44.718,-121.9,70,72
0,44.535,-121.95,300,69
0,44.485,-122.85,80,34
0,44.485,-122.85,40,28
0,44.301,-122.12,45,75
0,44.218,-120.97,10,69
0,44.201,-121.02,5,110
0,44.151,-122.24,25,53
0,44.101,-122.22,105,52
0,44.069,-122.22,60,97
0,44.053,-122.02,131,89
0,44.034,-116.97,15,71
0,44.017,-122.15,96,65
0,43.985,-117.28,20,91
0,43.984,-117.33,25,61
0,43.984,-117.23,10,135
0,43.952,-117.22,10,190
0,43.936,-122.02,40,33
0,43.9,-117.3,10,76
0,43.885,-117.32,5,76
0,43.884,-122.2,135,65
0,43.883,-122.37,70,52
0,43.869,-122.07,30,67
0,43.786,-122.3,30,60
0,43.635,-118.87,20,71
0,43.634,-118.85,10,68
0,43.633,-118.87,5,78
0,43.617,-118.92,15,53
0,43.602,-118.85,10,354
0,43.601,-118.82,5,74
0,43.601,-118.9,25,72
0,43.584,-122.23,40,66
0,43.518,-118.82,10,165
0,43.217,-118.73,100,68
0,42.436,-118.58,15,42
0,42.434,-118.57,30,62
0,42.418,-118.58,6,60
0,42.417,-118.55,15,41
0,42.352,-118.63,30,67
0,42.335,-118.55,6,46
0,42.333,-118.65,15,106
0,42.319,-118.62,61,203
0,42.318,-118.6,6,324
0,42.317,-118.6,18,400
0,42.317,-118.62,8,180
0,42.302,-118.58,55,107
0,42.302,-118.55,6,68
0,42.301,-118.65,12,77
0,42.301,-118.58,6,96
0,42.285,-118.63,12,88
0,42.283,-118.6,6,180
0,42.252,-118.6,6,89
0,42.234,-120.35,15,379
0,42.218,-120.35,17,422
0,42.217,-120.33,20,208
0,42.202,-120.35,17,193
0,42.202,-120.35,15,151
0,42.202,-120.35,12,128
0,42.185,-120.34,42,90
0,42.184,-120.33,15,77
0,42.184,-120.33,12,87
0,42.184,-120.33,75,96
0,42.169,-120.35,60,99
0,42.169,-120.33,20,97
0,42.167,-120.33,20,87
0,42.151,-120.33,32,430
0,42.017,-120.29,5,72
0,42.001,-120.29,10,77
0,41.933,-77.85,1219,38
0,41.233,-79.519,220,24
0,41.2,-78.65,122,26
0,40.983,-80.133,305,28
0,40.567,-75.2,229,10
0,40.367,-75.833,243,10
0,40.1,-77.183,122,3
0,34.751,-83.135,119,16
0,34.751,-83.235,189,19
0,34.7,-80.452,170,12
0,34.534,-80.736,351,14
0,34.302,-81.135,166,18
0,34.167,-81.033,40,16
0,33.917,-82.117,182,17
0,33.917,-81.167,30,13
0,33.434,-81.234,292,21
0,33.283,-81.667,364,15
0,32.884,-80.351,274,27
0,45.769,-103.62,200,52
0,45.769,-103.65,200,46
0,44.367,-101.02,83,67
0,44.367,-103.88,204,26
0,44.3,-103.67,383,9
0,44.133,-103.72,126,7
0,43.25,-100.19,250,93
0,43.084,-104.02,350,54
0,36.252,-89.485,125,23
0,36.083,-83.65,100,10
0,35.917,-84.317,305,11
0,35.635,-89.818,130,20
0,35.567,-84.483,30,10
0,35.368,-89.55,100,27
0,35.235,-89.951,100,10
0,35.183,-89.851,100,12
0,35.151,-90.017,100,18
0,35.103,-89.933,100,20
0,35.018,-90.118,100,12
0,35.001,-84.384,100,10
0,31.985,-106.1,180,134
0,31.768,-106.5,80,32
0,31.701,-105.38,30,7
0,31.45,-104.88,330,15
0,31.351,-105.62,30,79
0,31.035,-104.53,75,18
0,30.917,-105.2,150,27
0,30.719,-105.03,65,15
0,30.55,-104.63,15,36
0,30.534,-104.43,110,25
0,30.25,-104.55,40,43
0,30.118,-104.55,30,60
0,30.035,-104.07,40,25
0,30,-104.5,20,27
0,29.885,-104.55,30,28
0,41.533,-113.7,15,33
0,41.217,-113.37,20,29
0,41.033,-113.78,15,38
0,41.017,-111.53,888,21
0,40.817,-112.17,4650,49
0,40.783,-112.07,20,58
0,40.75,-112.25,3925,26
0,40.733,-112.08,3381,44
0,40.733,-111.95,3133,38
0,40.733,-112.3,3810,37
0,40.7,-112.3,3070,44
0,40.683,-110.9,3228,19
0,40.567,-112.4,2851,42
0,40.552,-110.65,20,11
0,40.551,-111.67,120,23
0,40.167,-109.3,1006,28
0,40.117,-109.08,2438,21
0,40.067,-109.35,762,25
0,39.95,-112.05,152,79
0,39.933,-109.7,1590,20
0,39.933,-110.03,919,15
0,39.867,-112.05,122,39
0,39.817,-112.4,10,36
0,39.802,-113.8,15,38
0,39.733,-112.6,20,31
0,39.719,-113.22,10,98
0,39.717,-113.22,300,55
0,39.567,-111.02,2652,27
0,39.567,-110.95,2075,31
0,39.317,-111.87,3356,28
0,39.169,-110.4,45,17
0,39.101,-110.67,20,15
0,39.067,-111,10,22
0,39.035,-110.9,160,14
0,39.019,-111.02,55,29
0,38.917,-109.83,30,38
0,38.9,-111.57,3734,28
0,38.885,-110.2,25,20
0,38.883,-111.25,15,27
0,38.85,-109.5,30,19
0,38.785,-110.68,110,10
0,38.768,-111.05,25,14
0,38.767,-109.63,30,31
0,38.752,-112.85,30,50
0,38.752,-111.27,15,40
0,38.734,-112.75,43,43
0,38.734,-112.8,48,45
0,38.734,-112.8,15,55
0,38.718,-112.79,30,87
0,38.717,-111.15,20,18
0,38.717,-111.15,15,21
0,38.717,-110.13,75,12
0,38.701,-112.77,27,56
0,38.684,-110.52,170,11
0,38.683,-109.43,3054,31
0,38.585,-110.35,50,11
0,38.585,-110.35,25,12
0,38.584,-111.05,20,23
0,38.584,-111.32,20,11
0,38.584,-111.32,95,24
0,38.517,-109.65,80,19
0,38.483,-113.13,152,32
0,38.451,-110.17,90,15
0,38.335,-113.25,20,70
0,38.251,-109.29,50,17
0,38.136,-113.13,20,163
0,38.118,-113.1,10,178
0,38.117,-113.62,12,42
0,38.102,-113.12,25,49
0,38.084,-113.13,15,78
0,38.068,-113.2,20,84
0,38.051,-113.43,11,132
0,38.035,-113.4,14,40
0,38.553,-113.57,15,292
0,37.986,-113.52,20,78
0,37.983,-113.95,16,49
0,37.983,-113.65,22,56
0,37.983,-109.05,150,22
0,37.884,-113.32,25,30
0,37.883,-113.43,12,46
0,37.869,-113.19,12,50
0,37.836,-113.62,10,51
0,37.785,-113.37,10,46
0,37.734,-114.03,12,82
0,37.734,-113.74,12,51
0,37.718,-112.64,15,33
0,37.685,-113.3,46,27
0,37.684,-113.52,49,21
0,37.667,-113.54,23,475
0,37.652,-113.55,17,28
0,37.652,-113.55,11,309
0,37.65,-113.55,8,869
0,37.636,-113.55,5,65
0,37.634,-113.57,8,199
0,37.634,-113.57,46,116
0,37.634,-113.55,46,89
0,37.633,-113.43,46,24
0,37.619,-113.4,15,26
0,37.602,-113.02,20,41
0,37.601,-113.8,30,58
0,37.451,-112.43,30,48
0,37.417,-113.55,20,47
0,37.201,-113.64,80,14
0,43.333,-72.55,160,21
0,43.283,-72.817,350,19
0,43.25,-72.833,160,20
0,38.034,-77.885,284,16
0,37.951,-75.585,209,49
0,37.901,-79.886,279,9
0,37.884,-75.5,175,41
0,37.883,-76.25,144,51
0,37.752,-78.085,121,15
0,37.75,-77.55,107,18
0,37.701,-75.702,164,32
0,37.667,-77.769,50,16
0,37.333,-82,152,18
0,37.085,-77.585,70,17
0,37.033,-80.2,56,10
0,36.867,-77.9,140,18
0,36.819,-77.317,190,18
0,36.817,-81.1,685,10
0,36.601,-76.001,196,44
0,48.985,-119.48,60,22
0,48.985,-118.59,75,22
0,48.985,-118.59,80,22
0,48.917,-117.33,350,23
0,48.917,-117.33,327,18
0,48.917,-117.58,100,20
0,48.903,-117.59,290,20
0,48.884,-118.6,14,29
0,48.869,-118.58,39,34
0,48.717,-119.58,165,21
0,48.684,-119.49,24,23
0,48.653,-118.77,150,31
0,48.601,-120.38,140,26
0,48.601,-120.38,240,23
0,48.451,-122.63,80,12
0,48.419,-119.5,104,27
0,48.352,-118.87,130,20
0,48.352,-118.87,205,22
0,48.352,-118.87,120,19
0,48.3,-117.75,49,14
0,48.135,-117.22,95,27
0,48.051,-118.7,115,19
0,48.051,-118.7,120,17
0,47.968,-118.07,60,27
0,47.936,-117.52,19,27
0,47.935,-118.15,100,25
0,47.917,-117.45,35,35
0,47.869,-117.27,154,24
0,47.868,-118.12,90,26
0,47.868,-118.12,60,27
0,47.817,-118.02,100,33
0,47.767,-117.17,120,27
0,47.752,-118.52,109,55
0,47.717,-121.12,40,26
0,47.669,-121.64,120,20
0,47.669,-117.5,80,41
0,47.601,-117.29,64,20
0,47.584,-117.22,25,30
0,47.567,-120.15,24,14
0,47.501,-121.35,80,14
0,47.501,-117.39,95,41
0,47.485,-121.4,86,18
0,47.451,-120.35,99,21
0,47.418,-121.4,110,14
0,47.367,-120.3,310,28
0,47.333,-118.92,61,42
0,47.234,-124.18,304,27
0,47.117,-120.67,10,29
0,47.101,-120.67,10,2
0,47.067,-122.22,60,10
0,47.001,-121.69,115,19
0,47.001,-119.52,70,49
0,47.001,-118.8,164,19
0,46.952,-118.78,20,42
0,46.919,-118.4,25,17
0,46.85,-122.25,25,10
0,46.85,-124.1,60,26
0,46.817,-120.65,40,23
0,46.769,-120.65,40,36
0,46.769,-122.25,100,19
0,46.75,-120.63,75,31
0,46.719,-120.75,70,24
0,46.719,-120.77,20,35
0,46.719,-121.85,10,25
0,46.719,-117.22,54,22
0,46.702,-121.57,75,33
0,46.683,-120.75,10,63
0,46.668,-120.6,20,39
0,46.667,-121.02,25,67
0,46.65,-121.32,60,46
0,46.65,-121.28,35,42
0,46.634,-121.38,10,45
0,46.633,-123.22,110,20
0,46.618,-120.4,50,32
0,46.617,-121.68,10,43
0,46.617,-120.4,10,26
0,46.603,-122.22,10,26
0,46.602,-119.12,10,48
0,46.601,-120.38,120,26
0,46.583,-119.52,53,37
0,46.568,-123.02,120,29
0,46.568,-120.17,20,32
0,46.551,-122.3,19,15
0,46.55,-121.78,50,5
0,46.536,-122.57,125,25
0,46.534,-122.83,100,33
0,46.534,-122.82,100,34
0,46.534,-122.48,40,19
0,46.534,-122.62,30,20
0,46.533,-122.55,60,23
0,46.519,-122.55,70,18
0,46.519,-122.82,90,34
0,46.518,-120.32,100,41
0,46.518,-120.19,10,42
0,46.518,-121.93,35,41
0,46.518,-122.45,90,20
0,46.517,-120,60,33
0,46.517,-117.75,15,40
0,46.501,-122.48,65,27
0,46.468,-120.25,10,32
0,46.435,-119.39,40,41
0,46.434,-120.2,130,41
0,46.433,-119.78,900,37
0,46.433,-119.78,58,33
0,46.419,-120.17,150,28
0,46.418,-119.27,20,37
0,46.417,-119.58,30,35
0,46.384,-117.07,15,35
0,46.384,-117.18,10,32
0,46.368,-117.65,10,27
0,46.353,-119.28,5,34
0,46.351,-122.07,120,18
0,46.35,-122.1,205,18
0,46.318,-120.77,20,46
0,46.301,-117.95,49,31
0,46.285,-122.87,20,14
0,46.269,-119.99,24,58
0,46.267,-119.44,70,184
0,46.267,-118.75,135,34
0,46.252,-122.23,30,20
0,46.236,-119.4,160,43
0,46.167,-122.27,50,24
0,46.151,-118.67,50,37
0,46.134,-119.62,5,35
0,46.119,-116.99,160,36
0,46.118,-121.77,85,44
0,46.086,-121.7,115,53
0,46.084,-118.33,100,35
0,46.084,-116.98,15,40
0,46.052,-118.37,85,34
0,46.036,-121.75,15,58
0,46.036,-118.32,10,33
0,46.034,-118.5,10,55
0,46.018,-118.33,35,81
0,46.018,-118.62,60,69
0,46.017,-118.67,20,106
0,45.986,-121.89,100,49
0,45.968,-121.62,100,52
0,45.952,-119.87,90,48
0,45.934,-122.7,100,21
0,45.934,-120.97,54,31
0,45.901,-121.04,40,31
0,45.9,-122.65,120,32
0,45.884,-122.5,70,32
0,45.883,-120.92,55,24
0,45.869,-122.45,70,20
0,45.852,-120.65,20,30
0,45.818,-121.12,70,37
0,45.818,-120.82,70,18
0,45.817,-122.45,135,38
0,45.802,-121.95,50,75
0,45.768,-122.19,20,15
0,45.768,-122.2,35,24
0,45.768,-122.2,30,20
0,45.768,-122.19,30,15
0,45.768,-122.18,25,23
0,45.768,-122.22,30,23
0,45.767,-122.19,205,24
0,45.767,-121.12,20,27
0,45.751,-120.52,50,32
0,45.735,-121.1,160,39
0,45.734,-121.17,65,33
0,45.734,-120.22,30,53
0,45.733,-121.8,5,166
0,45.719,-122.4,30,27
0,45.719,-122.43,30,27
0,45.719,-121.1,20,36
0,45.718,-122.43,30,27
0,45.702,-121.87,59,26
0,45.702,-121.88,39,31
0,45.702,-121.45,70,35
0,45.702,-121.3,35,33
0,45.701,-121.85,15,32
0,45.7,-121.4,59,32
0,45.7,-121.4,25,36
0,45.7,-121.23,120,26
0,45.686,-120.92,40,28
0,45.667,-122.37,25,23
0,45.65,-121.95,80,82
0,45.636,-121.95,50,129
0,45.634,-121.97,100,49
0,45.634,-122.43,30,37
0,45.586,-122.39,60,31
0,39.667,-79.983,260,9
0,39.417,-80.083,1829,33
0,39.283,-80.767,1067,28
0,39.2,-80.233,1829,36
0,45.3,-91.45,9,100
0,45.017,-108.9,1432,22
0,45.017,-108.98,1573,23
0,45,-108.88,1425,22
0,44.983,-108.87,1072,25
0,44.983,-108.87,1152,21
0,44.717,-110.7,3,999
0,44.602,-109.75,80,26
0,44.583,-110.8,15,999
0,44.567,-110.82,4,999
0,44.517,-110.82,4,999
0,44.367,-104.08,50,30
0,43.918,-109.28,210,35
0,43.867,-109.28,140,28
0,43.817,-106.02,73,22
0,43.801,-105.98,82,21
0,43.402,-107.87,50,22
0,42.501,-107.65,100,16
0,42.451,-106.05,180,18
0,42.368,-107.82,100,22
0,42.301,-106.78,500,14
0,42.286,-108.85,165,18
0,42.151,-105.83,91,22
0,41.769,-106.67,30,21
0,41.718,-106.62,60,21
0,41.634,-105.38,130,14
0,41.6,-105.98,1221,29
0,41.585,-109.37,60,26
0,41.533,-109.42,53,44
0,41.467,-106.27,170,7
0,41.417,-106.25,110,19
0,41.384,-105.42,150,15
0,41.219,-107.23,650,10
0,41.2,-107.02,200,12
0,41.168,-105.32,140,15
0,41.135,-105.18,70,18
0,41.052,-107.75,130,26
